battery_id,discharge_cycle_index,capacity_Ah,ambient_temperature_C,voltage_mean,voltage_min,voltage_max,current_mean,current_min,temperature_mean,temperature_max,discharge_duration_s,SoH_pct
B0005,1,1.8564874208181574,24,3.5298286688693397,2.612467347907089,4.191491807505295,-1.8187019641679727,-2.0180146876333027,32.572328114029,38.98218133148803,3690.234,92.82437104090788
B0005,2,1.846327249719927,24,3.5373201277859714,2.587208728940726,4.189773213846608,-1.8175598506612867,-2.016820542901454,32.72523522519307,39.033397966787035,3672.344,92.31636248599635
B0005,3,1.8353491942234077,24,3.5437367282719,2.6519168938437794,4.188186735991303,-1.8164865418840956,-2.016573862170142,32.64286193755933,38.818796689817404,3651.641,91.76745971117039
B0005,4,1.8352625275821128,24,3.5436661072601456,2.592947964776547,4.188461118855572,-1.8255891938692528,-2.0159359571668354,32.51487646204882,38.7623045063458,3631.563,91.76312637910564
B0005,5,1.8346455082120419,24,3.5423432526672167,2.547419651124539,4.188298524761055,-1.8261139590277586,-2.017425579158831,32.38234901543077,38.66539257343368,3629.172,91.7322754106021
B0005,6,1.8356616600675495,24,3.5413347346347575,2.5209480504077413,4.188815807948604,-1.8168108743168803,-2.0162347618032066,32.43418218230641,38.75169504640032,3652.281,91.78308300337747
B0005,7,1.8351461429226603,24,3.5410250495075215,2.487927319492314,4.18839163793879,-1.816791144707133,-2.01583310669507,32.480416444757985,38.8207012322275,3650.828,91.75730714613302
B0005,8,1.8257567905665537,24,3.554133296801584,2.6652049047458775,4.188927891511958,-1.8443412120754061,-2.0166395518034546,32.41046186109587,38.51713023385634,3572.453,91.28783952832768
B0005,9,1.8247738529891333,24,3.5529355991467955,2.6038584726333673,4.189029250882121,-1.853972745505648,-2.018357230695621,32.3461408313,38.526267904657,3550.594,91.23869264945667
B0005,10,1.824613268496936,24,3.5512057319376997,2.552853984885676,4.189223427076418,-1.8535899338510957,-2.0160718378149842,32.27679750791685,38.52698128472781,3551.25,91.2306634248468
B0005,11,1.8246195526864504,24,3.549292319740949,2.4724483018527317,4.188916055911241,-1.863380178294828,-2.0160713863396573,32.15709350345252,38.54143406601644,3530.25,91.23097763432251
B0005,12,1.8142019357673917,24,3.559759220648976,2.64956413267546,4.189876247266316,-1.872968810287894,-2.016851865845563,32.36407129853099,38.52197451768004,3491.016,90.71009678836958
B0005,13,1.8137521577549054,24,3.558081969139198,2.5724981777366227,4.189286794768804,-1.8826095043160833,-2.016393908986775,32.3181954403762,38.582485834057856,3470.281,90.68760788774527
B0005,14,1.8134404914735822,24,3.555692244172496,2.5249886697730286,4.188837765892728,-1.882536787636365,-2.0158117255163046,32.15709029211502,38.520294134873915,3470.0,90.67202457367911
B0005,15,1.8025980036306504,24,3.562746818017503,2.694621861688723,4.189110301768517,-1.8817935155260215,-2.0193509920362724,32.04407000314609,38.21358592965045,3450.297,90.12990018153252
B0005,16,1.80210690024615,24,3.5614521756489204,2.64010141737067,4.18921207304098,-1.8921861285036712,-2.0164420273602586,31.931593674911532,38.1983618706913,3429.407,90.10534501230751
B0005,17,1.802579500826209,24,3.5603420474985823,2.5739035098380962,4.188899969428112,-1.9027629207037406,-2.016465255161054,31.941655359029298,38.31926916027133,3409.484,90.12897504131045
B0005,18,1.8030683142834096,24,3.5591189041401865,2.4942396831720126,4.188779799856791,-1.9133470605822436,-2.0181069603406625,31.965008645476725,38.4787542519308,3390.422,90.15341571417048
B0005,19,1.8027776247196041,24,3.557886771846508,2.4556793246645583,4.189272591516219,-1.9131602105481538,-2.0170254305215485,31.966241678512723,38.54659017774874,3390.281,90.13888123598021
B0005,20,1.8470259949329193,24,3.5520375235511907,2.632142800798914,4.187614060563439,-1.8553455745575975,-2.01684718332263,32.37143341978575,38.44749852224995,3591.734,92.35129974664596
B0005,21,1.847417311283644,24,3.5525668436897124,2.5027764692056795,4.1876287811083985,-1.8746995273150975,-2.016190951623346,32.70024990461686,38.992275791716615,3552.297,92.3708655641822
B0005,22,1.8361774213478947,24,3.556794038327039,2.617507742871704,4.187447226312926,-1.873827212788385,-2.016760348146938,32.32266411829938,38.51424197364312,3531.578,91.80887106739473
B0005,23,1.8257807475776242,24,3.5614100044534203,2.694074478000972,4.187344026387161,-1.883193546754683,-2.0160230713598764,31.98795810666763,38.165816144899125,3492.907,91.2890373788812
B0005,24,1.8251136435078368,24,3.5566107947817986,2.6237674644021887,4.187438187636325,-1.873239184822504,-2.01719076462715,31.894456524691385,38.16526203587147,3511.594,91.25568217539184
B0005,25,1.8255815042203762,24,3.5586742170266272,2.5010798299873738,4.18774138117799,-1.9139593751505897,-2.0161148625656655,31.78039681801023,38.27549578575718,3431.9370000000054,91.2790752110188
B0005,26,1.8140311275083907,24,3.564103182686905,2.6849988185249796,4.188261122540052,-1.9030532722310995,-2.0168636304742815,31.688747146342205,37.982160799183106,3431.125,90.70155637541953
B0005,27,1.8147691941158939,24,3.559588063594272,2.547109116468133,4.187338767288234,-1.9134590742247914,-2.024643671910137,31.596747992569153,38.11100191887773,3412.406,90.7384597057947
B0005,28,1.813969388710352,24,3.556833231052199,2.471314764334132,4.187560306288175,-1.913620909902553,-2.017291134571006,31.565586498787077,38.18831137948753,3410.688,90.69846943551761
B0005,29,1.802765665167823,24,3.5624410850948944,2.6613903306108773,4.18805176248713,-1.9025819745719061,-2.01713712589233,31.59124667045208,37.998541119085836,3410.718,90.13828325839116
B0005,30,1.804077040117352,24,3.5591407106855666,2.541762355407921,4.187667484260542,-1.9130621638638965,-2.0159460285100574,31.603485399391182,38.194201649765226,3392.719,90.2038520058676
B0005,31,1.8518025516704486,24,3.5573161327793144,2.628919415830567,4.2010701773378685,-1.920618117118412,-2.0167372379007014,31.91556385491565,38.45796400011448,3470.672,92.59012758352243
B0005,32,1.8307038456739428,24,3.561870782772737,2.6312552691827045,4.1996223345495824,-1.9298830859597569,-2.0183057226929555,32.081128118597164,38.49126351534004,3414.109,91.53519228369714
B0005,33,1.8199041089501267,24,3.5617586337260088,2.654880745360911,4.199853323702163,-1.9293005284805407,-2.016579511976592,31.849792632896243,38.31473393357882,3395.219,90.99520544750634
B0005,34,1.8093079637028517,24,3.5597307651083123,2.6749688422803803,4.199103467081427,-1.923330987770314,-2.0193879194408373,31.465690433362017,37.861934640176806,3386.0,90.46539818514259
B0005,35,1.80460990458052,24,3.5575937553540915,2.6159705726789904,4.199998536865001,-1.9284469980320087,-2.015814483813837,31.40934895665031,37.90665575786083,3368.187,90.23049522902599
B0005,36,1.7993770651972192,24,3.5597237883937995,2.658447162110498,4.19967522099872,-1.9231439161693824,-2.019901495893039,31.902247475518077,38.34003238560517,3368.266,89.96885325986096
B0005,37,1.7884432335370462,24,3.559061771422033,2.6979426084271156,4.1991847248803165,-1.9170149640438081,-2.016522387288751,31.649024294808623,38.0745950590744,3358.719,89.42216167685231
B0005,38,1.7829230484252723,24,3.557015527748059,2.6617272246516333,4.200012480335,-1.922048805055383,-2.017112121704317,31.48874626238971,38.07252758016199,3339.5,89.14615242126361
B0005,39,1.7730337158018288,24,3.5562481933590964,2.699288287625812,4.1992373656547874,-1.9162302821549877,-2.018009988339822,31.329995610092634,37.80133585100446,3331.265,88.65168579009143
B0005,40,1.773037755078937,24,3.5532756526091784,2.6127932408838532,4.1993957811187075,-1.9220800182578983,-2.017724236336294,31.569551201845574,38.39873985476869,3321.188,88.65188775394685
B0005,41,1.7678721106662054,24,3.556266431640255,2.6637064901468075,4.1995786980260705,-1.9162417890311958,-2.016792488625222,32.111426258867944,38.74929237918251,3321.844,88.39360553331026
B0005,42,1.7623150704093087,24,3.5563095420140822,2.6668454289754746,4.199546957512695,-1.9158809823517762,-2.0172551326315866,32.271676011112376,38.87275464755104,3311.828,88.11575352046543
B0005,43,1.7676172924938447,24,3.558950851054106,2.684431051981017,4.194091469340824,-1.9114406265753041,-2.0159457514475405,31.842291659678658,38.503541429116005,3327.391,88.38086462469224
B0005,44,1.762668359743147,24,3.5534418211598053,2.645224362345869,4.200715235801255,-1.9158166997544155,-2.021877555086194,31.759815453754253,38.27009094548294,3312.078,88.13341798715734
B0005,45,1.7517304870664143,24,3.5510121537420285,2.6603527244917,4.1990980807180325,-1.9151304155635374,-2.0169903181968984,31.41911167391793,38.11684755251712,3293.172,87.58652435332071
B0005,46,1.7418496047960008,24,3.551317608213948,2.6926849789916263,4.199398534411534,-1.9148485784393638,-2.016185456554963,31.331626572312267,38.04152715355532,3275.328,87.09248023980004
B0005,47,1.7360913511847138,24,3.549003180550162,2.670544734728978,4.199122915612965,-1.9144128654409127,-2.0170647431651068,31.35934131425137,38.17980302242767,3265.016,86.8045675592357
B0005,48,1.7936240148573608,24,3.5597648340955175,2.605158060541757,4.190409478081396,-1.9388813849818083,-2.0168134548386294,34.31088483888259,40.71218198711114,3328.937,89.68120074286804
B0005,49,1.7831890223273275,24,3.5623454342368555,2.672012007453096,4.199933846791869,-1.927509725704535,-2.0165540953857675,33.43585640373788,39.885261233152924,3329.266,89.15945111636637
B0005,50,1.7673642076278957,24,3.558336657621618,2.674271233724938,4.199365021329158,-1.9267185977839403,-2.022483480851903,32.66698125020078,39.18287352945846,3301.579,88.36821038139479
B0005,51,1.7570177850353066,24,3.554013138622869,2.6309416727017187,4.19902365945384,-1.9261308349663746,-2.0168041459037114,32.28423408691397,38.951564804030774,3283.563,87.85088925176532
B0005,52,1.7468706179837907,24,3.552376095886298,2.6629725743154204,4.199432142144215,-1.9202346781375206,-2.0172800396238526,32.00739178780946,38.607510759873634,3275.125,87.34353089918953
B0005,53,1.7417172507457144,24,3.549618661283733,2.612942119873717,4.199640922827531,-1.9201011498853633,-2.0159193745006387,32.06387071886056,38.920359903369054,3265.656,87.08586253728572
B0005,54,1.7364225056478186,24,3.54938103086703,2.6157198442661476,4.199305653118061,-1.9144278105456467,-2.0206059195730015,32.43754560319043,39.23273115358871,3266.093,86.82112528239094
B0005,55,1.7263217239235826,24,3.5472118680418956,2.6287695472774453,4.198949734540481,-1.908340706503589,-2.017554048083073,32.16809876635083,38.964927068400804,3257.594,86.31608619617913
B0005,56,1.7158065389330133,24,3.5467052098640246,2.6655106679421823,4.19834220599025,-1.902207182631691,-2.016416703030436,32.05752645824972,38.83927283461771,3248.593,85.79032694665067
B0005,57,1.710533351135192,24,3.544629653883431,2.650495153350403,4.198995776266302,-1.9020484449938713,-2.0170229987437884,31.975920928072714,38.82796377704433,3238.766,85.52666755675959
B0005,58,1.706014499648521,24,3.5436291614253204,2.643236235233877,4.19916986492694,-1.8964907679062355,-2.016783933430818,32.21689335291319,39.14007944734004,3240.14,85.30072498242605
B0005,59,1.7003110272642588,24,3.5444946147995258,2.656450207001938,4.199246833083063,-1.895971437908019,-2.0199829306240713,32.55632993697177,39.349611598028886,3230.109,85.01555136321294
B0005,60,1.6945798601797895,24,3.5409201846556857,2.626177688152069,4.1992551886401595,-1.8899648799839277,-2.016448312230377,32.40048085325998,39.29444535878087,3229.7810000000027,84.72899300898948
B0005,61,1.6849029086609286,24,3.541195668799061,2.6582230344240045,4.199610827671791,-1.8893703824420507,-2.0264654916334726,32.29371860868794,39.10487658009542,3212.469,84.24514543304643
B0005,62,1.6744741591159717,24,3.540671044783382,2.695100237338448,4.1994453812630566,-1.8776883243431417,-2.017330650607364,32.136071448067796,39.0462609369598,3213.219,83.72370795579859
B0005,63,1.6745692479879102,24,3.5376048790268775,2.639091813583503,4.198991968341307,-1.8831065986697755,-2.0225787607034706,32.38268549723498,39.398032192832,3203.578,83.72846239939551
B0005,64,1.663716375981405,24,3.538422485261741,2.6857210282450983,4.197785116892181,-1.876359921441716,-2.0158674131052456,32.30899951427637,39.10678394120843,3195.125,83.18581879907026
B0005,65,1.659013868748246,24,3.53928626988912,2.69017866510873,4.201331130571617,-1.8709550260104437,-2.016878594815316,32.56636929496716,39.44448954135193,3195.3129999999946,82.9506934374123
B0005,66,1.6538540573335014,24,3.533690170241391,2.639895313359579,4.199339974904826,-1.8705599868289542,-2.0190191551299326,32.46542951751835,39.509602016775695,3186.297,82.69270286667508
B0005,67,1.642653782130131,24,3.534367734544495,2.68991452927918,4.198916244859707,-1.8640049795794804,-2.0179820220655023,32.347056454418095,39.334865362245324,3176.438,82.13268910650655
B0005,68,1.6378578430223698,24,3.5312941932103548,2.65935818848874,4.198537488587242,-1.8636932149873204,-2.0158401305926343,32.371538940646154,39.43723270017243,3167.593,81.89289215111849
B0005,69,1.6327350407099108,24,3.5309134771684274,2.6657030585650423,4.198943932259475,-1.857820396301907,-2.0192083553177325,32.45549347979197,39.51375235624076,3167.719,81.63675203549555
B0005,70,1.6277528915533617,24,3.5287226893409893,2.642986759012803,4.199579806494986,-1.8572160981955346,-2.017754065523427,32.50017194695606,39.60170302810528,3159.077999999994,81.38764457766808
B0005,71,1.622125485521159,24,3.52625493581969,2.6311169118893036,4.198782234828033,-1.8568340008006827,-2.016206764491147,32.50100298369444,39.687463597582074,3148.829,81.10627427605796
B0005,72,1.6113256603765849,24,3.528684324337005,2.696157404617167,4.19910517813207,-1.8448886500218815,-2.018425729441905,32.4728927422438,39.53535075538898,3149.094,80.56628301882924
B0005,73,1.6065631397488385,24,3.525556939424901,2.6667596238241567,4.198510853141954,-1.8444180038305806,-2.0200094988659028,32.50480154634882,39.6502371632164,3140.547,80.32815698744193
B0005,74,1.6015142233917594,24,3.5226805646793737,2.6403185448373043,4.198732430468704,-1.8438790389835118,-2.0160906793454063,32.51218336210202,39.69929058154853,3131.625,80.07571116958798
B0005,75,1.590369231400328,24,3.524673458789008,2.69892986372897,4.198799630396931,-1.83711254029409,-2.017218805788003,32.45692821941515,39.56076309770468,3121.907,79.5184615700164
B0005,76,1.5857889968242211,24,3.5213155754526824,2.6682466504352993,4.198753541225669,-1.8315957075983758,-2.017576881832417,32.447059186431154,39.63708096307912,3122.125,79.28944984121105
B0005,77,1.5849430707374117,24,3.51803386486462,2.6479207279724903,4.200309982421394,-1.8311195242792309,-2.0163186530776205,32.32889654966259,39.43977047692484,3121.672,79.24715353687058
B0005,78,1.5955263892495937,24,3.5236841955396794,2.6741633856529066,4.201124089732316,-1.8432799764914718,-2.016322017667326,32.84488475360107,39.839022256254516,3120.86,79.77631946247968
B0005,79,1.5747301747801037,24,3.519146638240668,2.6892528956736257,4.198150316653697,-1.829798505957538,-2.0160583834613157,32.31731555011648,39.41794949618613,3103.828,78.73650873900519
B0005,80,1.5649019950937946,24,3.516233648608237,2.688809122993162,4.198524048997099,-1.8236746835609148,-2.0176016183677974,32.06376130177751,39.262781682151214,3095.094,78.24509975468973
B0005,81,1.5597659473370362,24,3.514773138461639,2.6743555987897745,4.198840869468569,-1.8176720770210877,-2.018404141903304,32.21997626855924,39.47237839941986,3095.781,77.98829736685181
B0005,82,1.5594815668184234,24,3.5132992979150073,2.6430294964336345,4.198119631667182,-1.8179238657973993,-2.016777852675889,32.7120225448885,40.037541469513684,3094.328,77.97407834092117
B0005,83,1.55468935359061,24,3.514484830704665,2.6584858447131823,4.198320288264955,-1.817160673909645,-2.019500858990014,32.945022147355694,40.142730162011574,3086.531,77.7344676795305
B0005,84,1.5488741079890418,24,3.5109677353595243,2.629782173759164,4.1980467610750285,-1.8110297241968543,-2.025028692484549,32.857549597381336,40.1165626728546,3085.625,77.44370539945209
B0005,85,1.538236598942558,24,3.5109358749578012,2.6622967647315545,4.199047008209673,-1.8094435644526072,-2.017188769565156,32.629663328789654,39.87503330866132,3067.203,76.9118299471279
B0005,86,1.527914258251028,24,3.509393098217416,2.682380966742509,4.197669918520713,-1.8026537331443495,-2.0203529496154493,32.379859014262976,39.61961987024145,3058.157,76.39571291255139
B0005,87,1.5285252629756445,24,3.5066782411556563,2.6401894768922713,4.197600624105256,-1.8031542757366414,-2.016749317444538,32.68215852457039,40.067324667444815,3058.812,76.42626314878223
B0005,88,1.522647325284378,24,3.5109885623008092,2.693769409137257,4.197985718630326,-1.7965666438696486,-2.016964364118414,32.99387423636739,40.24716716520102,3058.578,76.1323662642189
B0005,89,1.5174859938489869,24,3.510305462695178,2.695787450704935,4.198164128530042,-1.7959771394311956,-2.0177154474110517,33.04539707211165,40.30253125568348,3049.328,75.87429969244934
B0005,90,1.605818899130659,24,3.5222215314850214,2.6920548172137724,4.222920057935785,-1.822916991757235,-2.017087516284557,32.856295641052824,40.09418103142496,3177.219,80.29094495653295
B0005,91,1.5638491446744425,24,3.5163492154331264,2.629071246219689,4.200423045909808,-1.8294275689587538,-2.0177115857667665,33.33950238056361,40.52238496316615,3082.937,78.19245723372212
B0005,92,1.5480915247767786,24,3.5134397623234963,2.631343871050918,4.198372063670128,-1.816317296828028,-2.0160877086861952,33.35156485472646,40.56886357314186,3074.266,77.40457623883893
B0005,93,1.5323755631868592,24,3.515137522009075,2.6983970036642315,4.198353213898968,-1.8033689952639713,-2.0174325692631547,33.147486361012966,40.27804845768325,3066.0,76.61877815934297
B0005,94,1.5269528268489705,24,3.50830390643132,2.6338485871981514,4.197873789078739,-1.802670753119494,-2.017976023705107,33.007275861749356,40.2921849196155,3056.437,76.34764134244853
B0005,95,1.5169573017136326,24,3.509190808443004,2.671566207861818,4.197955644238241,-1.7958941337499832,-2.016684455267326,32.91990812745461,40.184384347174266,3048.219,75.84786508568163
B0005,96,1.5118975960142693,24,3.5068097579555353,2.6540810507928123,4.197918434710392,-1.795344963527795,-2.0185074328810417,32.99903328622305,40.320066232195046,3039.218,75.59487980071347
B0005,97,1.5065638960681105,24,3.50609090727422,2.656849703962618,4.197739340034368,-1.7893518988259454,-2.0206154364574687,33.03772281691292,40.336505612651585,3039.047,75.32819480340552
B0005,98,1.5015453526671363,24,3.5037157727265953,2.6363048614501152,4.19785490446139,-1.7883879159763685,-2.0174212119307557,33.07740307192613,40.43267631588412,3030.375,75.07726763335681
B0005,99,1.4908444050400238,24,3.5067479961367156,2.69951692300468,4.197306756122815,-1.7815447770741009,-2.0224772834102507,33.05467981523988,40.314538591575015,3021.0,74.54222025200119
B0005,100,1.485868384561201,24,3.5058813026542324,2.698216006032282,4.197528212001444,-1.7753115642966961,-2.0179249554704706,33.11570360624461,40.386661855917744,3021.75,74.29341922806006
B0005,101,1.480413677976106,24,3.504168333530808,2.6911707598773864,4.19743662221161,-1.7742377662318358,-2.018486701026112,33.12942148982364,40.43384612547835,3012.265,74.02068389880529
B0005,102,1.4752095869031632,24,3.5030568931470634,2.690162319231471,4.197717228550219,-1.773860289771637,-2.0172029187594718,33.130681310493344,40.44479269068758,3002.641,73.76047934515816
B0005,103,1.4859035988304024,24,3.4982324882487936,2.6355034454892072,4.192454851360723,-1.7809702419814517,-2.017032616337778,33.20069210329718,40.58499656066617,3012.0,74.29517994152012
B0005,104,1.4960918298136696,24,3.5065859365661325,2.6594753656507684,4.202845001527377,-1.7879098523188452,-2.020648432189961,33.78697527817091,40.99869158762305,3020.11,74.80459149068348
B0005,105,1.4808005946928984,24,3.501457140697961,2.644554999824577,4.197952808231904,-1.780229415660985,-2.018056806197647,33.673365085761986,40.997807625227495,3002.172000000006,74.04002973464492
B0005,106,1.4697543268466824,24,3.501658387162809,2.6719601666204564,4.198017952345714,-1.7731015168894209,-2.017916668624779,33.535818118317145,40.84213757482493,2992.703,73.48771634233412
B0005,107,1.4539012274845928,24,3.4966186408455298,2.6598211033173382,4.192162800008929,-1.7705879947441516,-2.027591717224413,33.32269982188509,40.69012464267011,2964.468,72.69506137422964
B0005,108,1.4541462067235693,24,3.4991645719433246,2.688360455508818,4.196993378341778,-1.7600629827474803,-2.017344770444764,33.346230327490304,40.69938049882204,2983.375,72.70731033617847
B0005,109,1.455023751906683,24,3.496080777360074,2.6376728619288525,4.197603515102162,-1.765575132998529,-2.017072416845675,33.64948900485925,41.06026204078849,2975.297,72.75118759533416
B0005,110,1.449042163761236,24,3.4959014526387993,2.645120521151077,4.196406678544622,-1.7588271887545277,-2.0179388823247932,33.79269513542102,41.19696040482682,2974.9850000000006,72.4521081880618
B0005,111,1.4386709371480566,24,3.49758697990267,2.698012437629632,4.197098662004674,-1.7516428147438297,-2.029098489464331,33.52446663707275,40.84446688602949,2966.25,71.93354685740283
B0005,112,1.433445432156979,24,3.4956989619989507,2.6928942772989077,4.196909312093871,-1.7513097768253418,-2.025048878675005,33.39042251934235,40.764203830749366,2956.359,71.67227160784894
B0005,113,1.4333958900838095,24,3.492875380810072,2.6483923655058113,4.197105220217278,-1.7511840784846122,-2.0170494375017745,33.67370212742761,41.11212504270441,2956.344,71.66979450419048
B0005,114,1.42806487344776,24,3.49551076423368,2.6832134764261997,4.196244829545076,-1.7446206812145286,-2.017587381204539,33.91080564765892,41.27256611507568,2956.406,71.403243672388
B0005,115,1.4229203181741186,24,3.4942333590450834,2.684960445221862,4.1968026018066595,-1.7436362428649814,-2.0245398824990146,33.7850680599871,41.15574924454392,2947.266,71.14601590870593
B0005,116,1.417429032731308,24,3.491197414255986,2.669922120529456,4.196227405416926,-1.7425325036061032,-2.01689808000431,33.61126807392732,41.03237216951879,2937.984,70.8714516365654
B0005,117,1.412409228794446,24,3.4889094081576237,2.664105530655056,4.196558172556389,-1.7419837011363046,-2.0197651300783948,33.45598581472246,40.937269906716935,2929.125,70.6204614397223
B0005,118,1.412578792940193,24,3.487376295811431,2.634098605983684,4.196870541112335,-1.7421680980861822,-2.0182280835485455,33.723267448788484,41.240704611971786,2928.454,70.62893964700964
B0005,119,1.4075983731469897,24,3.491994243745711,2.68378702970616,4.196795527524874,-1.735841378420618,-2.0178512019397976,34.050076369857344,41.43649987692296,2929.375,70.37991865734948
B0005,120,1.4333920485221476,24,3.491585878898649,2.660031949282934,4.189287343772767,-1.7567879869499758,-2.017223089332264,33.889346908026745,41.16703904201915,2946.031,71.66960242610739
B0005,121,1.4382550176792908,24,3.495576227046425,2.650011641082063,4.201144545237731,-1.7573176114092575,-2.0257290511470427,34.067648550088656,41.36216559728765,2955.438,71.91275088396453
B0005,122,1.4173547174485526,24,3.4938988589692483,2.6936969083341418,4.196925753814179,-1.7427628393326555,-2.01734921830549,33.75168100943646,41.02198772703674,2937.625,70.86773587242763
B0005,123,1.406981663677643,24,3.49159162968384,2.697073130067154,4.196901090271507,-1.7352637407600366,-2.016959683770622,33.46482299584788,40.78818812957494,2929.078,70.34908318388216
B0005,124,1.4012037783587625,24,3.4885729299834787,2.6806995515145213,4.196688955833435,-1.7344350518111926,-2.0173176445033945,33.40210697922146,40.81506138506309,2918.375,70.06018891793812
B0005,125,1.3967008232726328,24,3.4869021151089825,2.6695398084864568,4.196339302740304,-1.7280392046289716,-2.0174893103299003,33.410688917712235,40.858374219876424,2919.812,69.83504116363164
B0005,126,1.391284788852726,24,3.4855485210036417,2.671695307817951,4.196181412764837,-1.7326888725308258,-2.0162082324346313,33.38984948261314,40.839876773287166,2900.422,69.5642394426363
B0005,127,1.3862287677978349,24,3.4838912547260388,2.661289185949965,4.195770804194879,-1.7260735249920125,-2.0178551648279797,33.3700433438796,40.85376069244676,2901.375,69.31143838989175
B0005,128,1.3804366761974138,24,3.483198941484065,2.667817533540102,4.195456241846729,-1.7195393742714093,-2.01649929452358,33.27215987470977,40.74795214258888,2901.187,69.02183380987069
B0005,129,1.3752364150256224,24,3.4836274447098883,2.684008069130594,4.19654355365607,-1.7185829844462923,-2.0162911974216766,33.222444215660225,40.68794001196382,2891.64,68.76182075128112
B0005,130,1.3705128024895008,24,3.480172442538601,2.6585256208771644,4.194357133255019,-1.717672415155695,-2.0164165307282076,33.26207748383125,40.7810749453613,2882.906,68.52564012447505
B0005,131,1.3705085566270399,24,3.478452148610975,2.6372250579822927,4.195863681881766,-1.7177080769362936,-2.0166833595676397,33.312029905516525,40.88159339768709,2883.265,68.52542783135199
B0005,132,1.3647355108681518,24,3.4785782556105507,2.6514257735606432,4.1955845546644195,-1.7109669363015376,-2.0156447128046424,33.25287943255863,40.81191473576834,2882.969,68.23677554340759
B0005,133,1.375392016895762,24,3.4825195584604582,2.676384659108382,4.188483624251573,-1.7184206130755166,-2.015672372070857,33.745054045019884,41.11793533148924,2891.656,68.7696008447881
B0005,134,1.3861115151535393,24,3.4886823636752826,2.6949138502817815,4.200346502821317,-1.7260471943596487,-2.01575998810726,33.88841975386692,41.248795355864885,2901.25,69.30557575767696
B0005,135,1.3698500035838939,24,3.4858502383832755,2.6973343716306273,4.1981749992980655,-1.712021613408506,-2.016014837696764,33.7353756996425,41.16242984455477,2891.703,68.49250017919469
B0005,136,1.3647827949260758,24,3.478794177297151,2.642540259937964,4.195715092938243,-1.711022510206629,-2.0165238233233063,33.59131052719714,41.16437554618679,2883.016,68.23913974630379
B0005,137,1.3543220466259964,24,3.4812826020756744,2.699226257883075,4.195755769877104,-1.703421414006958,-2.0182163733141314,33.32366688599416,40.864216180205034,2873.453,67.71610233129982
B0005,138,1.3546417018378962,24,3.480352041587074,2.676480329780849,4.195911764444989,-1.703574708739156,-2.016150778973011,33.691961507697364,41.25434553511566,2874.031,67.73208509189482
B0005,139,1.3547039213192407,24,3.4781127815565127,2.642142168479886,4.195824004004723,-1.7034912994217157,-2.0176181286216193,33.887639684793655,41.45023191903855,2874.234,67.73519606596203
B0005,140,1.349314997503458,24,3.4765867130506125,2.644725254926797,4.196258226051591,-1.7023383270190764,-2.017297732143782,33.67308060941856,41.27708509224051,2864.984,67.4657498751729
B0005,141,1.3441891937970554,24,3.4733769291841643,2.632270655366611,4.196612664794988,-1.7014238498912502,-2.017223266913469,33.411988203265814,41.064605154983276,2855.093,67.20945968985276
B0005,142,1.3389913790695755,24,3.4726366397371127,2.6391006118876117,4.195850781215982,-1.6950436046971957,-2.0197342717689364,33.29926524979532,40.99284868101728,2855.625,66.94956895347877
B0005,143,1.3389145230206971,24,3.473439372740961,2.637841830893275,4.1960023929619235,-1.695057731610264,-2.016896104476736,33.59980731390034,41.29040553417739,2855.594,66.94572615103486
B0005,144,1.3340066759761655,24,3.4754777099091454,2.668286095904868,4.196207586734141,-1.6937809113323188,-2.0199925086996786,33.61961195858585,41.22740227746052,2847.437,66.70033379880827
B0005,145,1.3286444309174914,24,3.4722884821666766,2.6490198126838553,4.195534582569042,-1.6869434054016965,-2.0167450744074586,33.3945201718652,41.04619550953222,2847.36,66.43222154587457
B0005,146,1.3231708992276219,24,3.471373665098864,2.664058512378051,4.1957439573980455,-1.6860649112944592,-2.0163628111205263,33.16734508187535,40.85874389007758,2837.328,66.1585449613811
B0005,147,1.3181691588445197,24,3.4726160162875095,2.6883611693898826,4.19586805747139,-1.6795829780331424,-2.0162121238671036,33.10962161613893,40.79196924883506,2837.281,65.90845794222598
B0005,148,1.3184664436640334,24,3.4738146874457896,2.6869753836302124,4.195347750909715,-1.679793840292355,-2.0168197393548124,33.46501751186519,41.14127834456325,2838.515,65.92332218320168
B0005,149,1.318293040102702,24,3.4701426486639693,2.6507536817766586,4.196065828878837,-1.6851739865098712,-2.0187637742643867,33.4426191014044,41.14429319149828,2828.328,65.9146520051351
B0005,150,1.323872422244268,24,3.467523652225441,2.6646322789106516,4.184534803011309,-1.6863812036302581,-2.016191969154752,33.037928170775885,40.66184230912503,2838.265,66.19362111221339
B0005,151,1.3601216766554785,24,3.4767525840839255,2.6400211837268666,4.201240476440081,-1.715777469309528,-2.021651287065962,33.4949493613756,41.046694544970684,2864.547,68.00608383277392
B0005,152,1.3395306867947354,24,3.4758956827369127,2.674198661305034,4.195703567262997,-1.7007216920098716,-2.017592416950431,33.491363029025784,41.0462053156659,2846.39,66.97653433973677
B0005,153,1.3290286565120697,24,3.475812179626641,2.696427051131168,4.195744519551191,-1.6928138295817332,-2.0171105982760715,33.329808599922345,40.868302643225604,2837.969,66.45143282560349
B0005,154,1.3236741274998955,24,3.4746554404904435,2.6928340297696836,4.196363050482315,-1.6861104874993165,-2.0165753451036377,33.27302769298771,40.85283588259973,2838.156,66.18370637499478
B0005,155,1.318633896753293,24,3.472301781313945,2.681747855329962,4.1957929878569455,-1.685043785043406,-2.0157688095228656,33.229879126701434,40.85270645265791,2829.843,65.93169483766465
B0005,156,1.3134751321324272,24,3.4729305773503527,2.696791414385091,4.195797286482793,-1.678524839793589,-2.016274841649268,33.20860833999321,40.8263251809212,2829.625,65.67375660662135
B0005,157,1.3132020634442203,24,3.4696192030612285,2.664695973142795,4.196349384378125,-1.6839115230941766,-2.016821101865832,33.236115055926255,40.90308836809665,2819.437,65.66010317221101
B0005,158,1.3077959946944353,24,3.470018470757559,2.679191623358613,4.195609431921248,-1.6773783325850857,-2.0165933442123594,33.18660088296571,40.84337405460518,2819.579,65.38979973472176
B0005,159,1.3030329186405918,24,3.470762691935287,2.699983457940659,4.195339917236225,-1.676425373206175,-2.018075144841628,33.174058099115534,40.81792110626284,2810.672,65.1516459320296
B0005,160,1.3033573559038205,24,3.468111467035994,2.666300786624286,4.1954020570061195,-1.67627880896028,-2.018091528339797,33.253984518546055,40.946993847659506,2811.485,65.16786779519103
B0005,161,1.3034100438655642,24,3.4648625780221494,2.6308501373847837,4.195685302232799,-1.6817992883033976,-2.0177167019715503,33.3198093248819,41.074938058306316,2802.422,65.17050219327821
B0005,162,1.2978870806495706,24,3.467864133752208,2.673348140468748,4.195561297751176,-1.6750812261110137,-2.0160479224870884,33.33765795318198,41.02476444658572,2801.625,64.89435403247853
B0005,163,1.2980735056918902,24,3.464021404592563,2.632763831012711,4.196066962029683,-1.675366426273468,-2.017067096348242,33.29076744042025,41.06214198725253,2802.031,64.90367528459451
B0005,164,1.293463613844243,24,3.4664623858156745,2.6687371180046218,4.196640912532072,-1.6744879201095209,-2.018208092691312,33.27568841807217,40.98366325567302,2793.39,64.67318069221216
B0005,165,1.288003392619118,24,3.46850906693551,2.696396337945361,4.1956235749123225,-1.6674467270234996,-2.018933300007017,33.32067807371405,40.98234242711097,2793.39,64.4001696309559
B0005,166,1.2874525221379407,24,3.466806213058136,2.6794834862925194,4.195862008850563,-1.6674702882406252,-2.0237906818969758,33.37314972896719,41.06375085817118,2792.485,64.37262610689703
B0005,167,1.3090153642307354,24,3.471070722008039,2.6787137407179737,4.18482689434833,-1.6888978346592105,-2.017308526034403,33.71351889594897,41.047029587744966,2802.016,65.45076821153677
B0005,168,1.3250793286429356,24,3.475472204020004,2.655378369801326,4.201968615940368,-1.6979281889133206,-2.017696449416675,33.86531768239223,41.051007697556734,2820.39,66.25396643214678
B0006,1,2.035337591005598,24,3.556946061827572,2.4757677568281857,4.179823027658306,-1.990533350635129,-2.015537581193984,32.142777859921516,39.16298653238707,3690.234,101.7668795502799
B0006,2,2.0251402460314116,24,3.56147580138708,2.35152551190002,4.177288238505559,-1.990277542145709,-2.0149020169266376,32.29307515705474,39.2462026826329,3672.344,101.25701230157058
B0006,3,2.013326371345464,24,3.5667524696413215,2.4404797151065436,4.1781213228922995,-1.9899467848963859,-2.014434345552428,32.24414709253608,38.999202460252846,3651.641,100.6663185672732
B0006,4,2.0132846655407413,24,3.5687953371516272,2.4791558539003917,4.1785623580417175,-1.9896009282099438,-2.0142051662535234,32.14711742429942,38.843627771866515,3631.563,100.66423327703706
B0006,5,2.000528337624771,24,3.563970503289941,2.280187848173442,4.17824995156942,-1.9895483606575701,-2.013995769332238,32.06687277315468,38.97798888258284,3629.172,100.02641688123855
B0006,6,2.0138990759931645,24,3.5735512387791406,2.4392842568466446,4.193216523251186,-1.9901040351037365,-2.0151519685741275,32.03447836207717,38.83989920742278,3652.281,100.69495379965822
B0006,7,2.013101105626967,24,3.5711391343785897,2.2812068449406446,4.193732603145628,-1.9900886222380372,-2.0145081864690626,32.11157496697372,39.04610837498471,3650.828,100.65505528134835
B0006,8,1.9687898262728398,24,3.5681507462163036,2.366410527029613,4.176826628115461,-1.9891170520197212,-2.0146816699579064,32.112576242471775,38.87507521022778,3572.453,98.439491313642
B0006,9,1.9681661764334244,24,3.5692834155812436,2.436020049578708,4.176369138969733,-1.9892116643905464,-2.015071955488147,32.03566207329278,38.7260539826455,3550.594,98.40830882167123
B0006,10,1.9572307917560536,24,3.563388513484579,2.1864377487643725,4.176897989902666,-1.989191243247005,-2.0155176072270926,31.99527968872302,38.98629728904917,3551.25,97.86153958780268
B0006,11,1.9455991514129352,24,3.566658719765511,2.3406023605912454,4.177579509962451,-1.9891317699701738,-2.014079047237871,31.874127571841353,38.65978861919643,3530.25,97.27995757064676
B0006,12,1.9347505044841131,24,3.5687035970122842,2.4263021374140443,4.177996110793395,-1.9887805507702212,-2.0134697854511865,32.120959708576166,38.84979195732924,3491.016,96.73752522420565
B0006,13,1.9232799539368028,24,3.569207084156356,2.4753697700007034,4.176316409477926,-1.9887320866401275,-2.0148749194363664,32.11021168908644,38.75128344015104,3470.281,96.16399769684014
B0006,14,1.911889930948487,24,3.5659271296109383,2.342364523655007,4.1779924550101715,-1.9887200290368634,-2.0144081790374893,31.989061278918154,38.76853764058789,3470.0,95.59449654742434
B0006,15,1.9010667141979305,24,3.5612417270649486,2.188400081882664,4.177439981618572,-1.9887874042287874,-2.014472686005532,31.878814448635442,38.84686112344348,3450.297,95.05333570989653
B0006,16,1.8891989948061458,24,3.557881987836072,2.1206980945954057,4.17561570814845,-1.9885910895930397,-2.0146756268214814,31.767450711024402,38.865889781652804,3429.407,94.4599497403073
B0006,17,1.878278372248849,24,3.56282437243777,2.369981457799298,4.177602520456299,-1.9884892463229662,-2.015931347705288,31.78991634963658,38.647578733807656,3409.484,93.91391861244244
B0006,18,1.8675697161520206,24,3.5591953280168633,2.247991649924625,4.176354539745044,-1.9883474274444874,-2.01432419683381,31.82883467218067,38.79218188173866,3390.422,93.37848580760102
B0006,19,1.8675892574453767,24,3.5580906165580983,2.4115317107898875,4.177450270459645,-1.9774549866256104,-2.015920256743369,31.890449470827843,38.77022223929529,3390.281,93.37946287226883
B0006,20,1.979626548250818,24,3.565899462157853,2.2033558468593775,4.174584178175673,-1.9892347833261184,-2.0202081897757225,31.51177053595285,37.54320599748628,3591.734,98.98132741254089
B0006,21,1.9575499080884022,24,3.570814209348872,2.35887751155593,4.175224020262452,-1.9890474874073771,-2.0141161810049812,31.874488497680712,37.90362577530197,3552.297,97.87749540442012
B0006,22,1.9458150170787551,24,3.5666817833633124,2.218672914041916,4.177217300859919,-1.988682950523383,-2.014039356997488,31.53911453638972,37.6701605139887,3531.578,97.29075085393775
B0006,23,1.9242461121680094,24,3.5668392745025836,2.339723057947995,4.176681511062203,-1.9885447318884866,-2.014851230713757,31.220866832188786,37.34166959188387,3492.907,96.21230560840047
B0006,24,1.9459811331421641,24,3.571051969392875,2.3997508208942735,4.190384318239257,-1.9885639445355097,-2.013606338093071,31.119005145018026,37.28979017254232,3511.594,97.29905665710821
B0006,25,1.901407930553079,24,3.5666308474029793,2.491410879472442,4.176973413125379,-1.9880563928902786,-2.014324216253238,31.033244078156734,37.16794481484507,3431.9370000000054,95.07039652765395
B0006,26,1.878674213680085,24,3.5527392240854914,2.1387303309558976,4.1734521552365464,-1.9772969675547487,-2.0138293357975146,31.001249222460967,37.51577848501052,3431.125,93.93371068400424
B0006,27,1.8683061328264219,24,3.5560959755046615,2.346064498302046,4.1764585468168685,-1.9771693646864965,-2.022139165928567,30.921434744041356,37.24165964092258,3412.406,93.4153066413211
B0006,28,1.8560244070082998,24,3.5504500858303394,2.327337743316428,4.17626102066065,-1.9660385076397233,-2.019521715890847,30.929360248207214,37.27233216178077,3410.688,92.801220350415
B0006,29,1.8451997961855777,24,3.546007083640312,2.4863117233366316,4.172855540858831,-1.9445990482746272,-2.0145859231710013,31.00810965793079,37.207134503019795,3410.718,92.25998980927889
B0006,30,1.857228890885317,24,3.554257954720065,2.2921663510920895,4.1881878017349035,-1.9769156942357176,-2.01454229289152,30.96779499306422,37.49607769896255,3392.719,92.86144454426585
B0006,31,1.9247760889090635,24,3.555857469677978,2.4343006861812118,4.189991619197343,-1.9997552547832569,-2.015096988943597,31.10097217303459,37.250073961181094,3470.672,96.23880444545317
B0006,32,1.8822317526092551,24,3.5537306734803207,2.472619908000758,4.186982490201218,-1.9884344406296768,-2.0246589334484746,31.307368922041046,37.39699052067588,3414.109,94.11158763046275
B0006,33,1.855276687885587,24,3.5452650003621513,2.403422072720937,4.1864831065416155,-1.9771310999966942,-2.014540253971324,31.131339987164562,37.2852066420257,3395.219,92.76383439427936
B0006,34,1.8392508917181876,24,3.538408778928339,2.4006679782182205,4.187721936001791,-1.965705768920947,-2.0140910758505797,30.828713779105055,37.080390421974414,3386.0,91.96254458590938
B0006,35,1.8185396073994429,24,3.5297688311332673,2.3194299432177345,4.184171356892756,-1.9542494702422435,-2.0132183154407977,30.761533072057244,36.98024266357476,3368.187,90.92698036997214
B0006,36,1.8134770059567056,24,3.5300676840423306,2.3401731734980076,4.186779863144672,-1.9490605727432448,-2.0142775706959855,31.30305692941581,37.598741245467004,3368.266,90.67385029783527
B0006,37,1.7971018450305436,24,3.5248882875629555,2.3829603510808774,4.186482965601712,-1.9373547119632697,-2.014866249205715,31.06432144678013,37.33680914521836,3358.719,89.85509225152718
B0006,38,1.7810046294120476,24,3.5190926887152725,2.351855540704836,4.184741677172267,-1.9312604088713479,-2.014036681172477,30.96654665282149,37.39499820465976,3339.5,89.05023147060238
B0006,39,1.7710130422682329,24,3.5151810230271,2.3535104841115886,4.186114015167315,-1.925413982519257,-2.013562007420154,30.826455697992966,37.35233964342659,3331.265,88.55065211341164
B0006,40,1.7604712448170943,24,3.514029112834162,2.3948058223938364,4.186378094589789,-1.9198444871883995,-2.0146073733834746,31.080769482413952,37.58677381866742,3321.188,88.02356224085472
B0006,41,1.7502913788006587,24,3.514139684003936,2.4418858444380294,4.185742966026202,-1.908733158939213,-2.0156412315711094,31.694287817425337,38.207044569893476,3321.844,87.51456894003293
B0006,42,1.7394925037732578,24,3.509578354212467,2.391848815367812,4.1849954235358595,-1.90276801874341,-2.014135597110891,31.875581783696685,38.340431886092745,3311.828,86.97462518866288
B0006,43,1.7546766553637203,24,3.5110708693292705,2.3166154227865463,4.175622772952551,-1.9093247566511207,-2.013918427729744,31.543288143901563,38.521539672721865,3327.391,87.73383276818602
B0006,44,1.7659390941842175,24,3.5159179315855056,2.4110989960643794,4.191704957733779,-1.9306372167933323,-2.0164764928559697,31.420983409991024,38.03707160241571,3312.078,88.29695470921088
B0006,45,1.7337887419624838,24,3.50585340727078,2.4510125175432287,4.185468369564667,-1.907114151507875,-2.014424639912736,31.15837149963786,37.934285687720596,3293.172,86.68943709812419
B0006,46,1.713325912040734,24,3.5010379345914444,2.471216186082459,4.184201889006967,-1.8953541357988335,-2.0136840343383655,31.15661421699882,37.88470784051604,3275.328,85.6662956020367
B0006,47,1.7024077813673466,24,3.497407662636496,2.470968641396993,4.185838836583766,-1.8892713805954209,-2.015243276008703,31.206611383963253,38.065368726791895,3265.016,85.12038906836733
B0006,48,1.82371946178183,24,3.5388872766749144,2.4288023941361625,4.1729165619005535,-1.9819359924929794,-2.014822027548639,33.61169282822636,39.788440481350335,3328.937,91.1859730890915
B0006,49,1.8081284050314708,24,3.5327430295356828,2.3551430866643166,4.186982012423103,-1.9653277079992455,-2.014147642384201,32.85630077141311,39.212903178007906,3329.266,90.40642025157354
B0006,50,1.7757610945034283,24,3.521214759733266,2.365933525789291,4.186537777937825,-1.9470636598230844,-2.0135457323415866,32.210981559158874,38.66937823121345,3301.579,88.78805472517142
B0006,51,1.7447409841836798,24,3.5093111439506677,2.3481961394586457,4.182282350256796,-1.9241628426386395,-2.0143501433980724,31.965090081650274,38.5170065164806,3283.563,87.237049209184
B0006,52,1.729207034132373,24,3.50716091973708,2.46945948630322,4.185961817428056,-1.9124470439353747,-2.013955993405398,31.744801840189538,38.292505299491516,3275.125,86.46035170661865
B0006,53,1.7081086552553244,24,3.500928918686389,2.4666715880697576,4.1836566973224585,-1.8950209973545986,-2.0143598768040447,31.876564068962466,38.52091685291118,3265.656,85.40543276276622
B0006,54,1.6975954237461768,24,3.4973019898820894,2.4482931262785135,4.184390004467988,-1.8837082435178907,-2.0146981664689427,32.24289319481841,38.95436345473558,3266.093,84.87977118730883
B0006,55,1.6820634524029463,24,3.4929038301187156,2.4745215382882586,4.184732708741646,-1.8716651994380054,-2.0150505202774576,32.07305565938816,38.731363854696035,3257.594,84.10317262014732
B0006,56,1.6714768322295086,24,3.488659224822318,2.469127855241356,4.185835940524748,-1.8654809345089407,-2.016431910751689,32.030140929891196,38.74827601131975,3248.593,83.57384161147543
B0006,57,1.6607591387047655,24,3.4822930804774015,2.4177173347922416,4.185703389994729,-1.8592903578575999,-2.013961242413253,31.984935871368258,38.84227056628921,3238.766,83.03795693523827
B0006,58,1.651121015038069,24,3.477575664197982,2.3775131079338427,4.184887437252902,-1.848156298789804,-2.0142789765419593,32.23677365476226,39.221381996208315,3240.14,82.55605075190346
B0006,59,1.6401349256190927,24,3.4787436506489255,2.443723814618984,4.1845671326128535,-1.8415742473538441,-2.0170700253976435,32.56097148037261,39.466510899162515,3230.109,82.00674628095463
B0006,60,1.6291999416165441,24,3.4740152461288862,2.4324278256917147,4.184590722398005,-1.8297533943331723,-2.0153270924031044,32.48984985901219,39.352653481724175,3229.7810000000027,81.45999708082721
B0006,61,1.6088496302961666,24,3.4718387718772696,2.494085641889116,4.181227276564003,-1.8170860697729954,-2.0264444143525524,32.42612199208859,39.31890647034385,3212.469,80.44248151480832
B0006,62,1.6035244898969248,24,3.463180130644551,2.382347172890769,4.182601669503782,-1.8111560774496664,-2.014269976996697,32.29984271249387,39.47196886600465,3213.219,80.17622449484624
B0006,63,1.5989712144027983,24,3.463469391967206,2.406668297987779,4.183991041340736,-1.8113056300795982,-2.0248983473305704,32.610757585145336,39.74009698783903,3203.578,79.94856072013991
B0006,64,1.5876273123575604,24,3.46021805164007,2.4204142690378765,4.182425008087469,-1.803802475704306,-2.0134062122749032,32.25699351958767,39.03600072360686,3195.125,79.38136561787802
B0006,65,1.5829719744686166,24,3.462574876665621,2.4507845245525193,4.190985194174346,-1.7982439953659044,-2.014898941623113,32.47193402838835,39.16106395962828,3195.3129999999946,79.14859872343084
B0006,66,1.567137636713563,24,3.4537077937586056,2.3930328819230717,4.181860480163402,-1.7857963808615818,-2.014097659688176,32.40219271195366,39.20051799483514,3186.297,78.35688183567815
B0006,67,1.5613446139713882,24,3.4514035349888337,2.3938995980718403,4.183449364094532,-1.7850748194527644,-2.01648199199959,32.30987415652578,39.15878418316098,3176.438,78.06723069856942
B0006,68,1.5511711892790419,24,3.450781146333252,2.4373294683003053,4.182943907496545,-1.7785916660457872,-2.014359351341952,32.35440526839345,39.18225956809825,3167.593,77.5585594639521
B0006,69,1.5406741606295171,24,3.446105572450592,2.3705330061374523,4.182592999177517,-1.7727874712030285,-2.016181081460114,32.4731363791227,39.38159156766375,3167.719,77.03370803147585
B0006,70,1.5253138744624433,24,3.4418152533277144,2.351294851260762,4.1775564354981025,-1.7601807681971697,-2.0224281819207026,32.52334649341759,39.44712875501599,3159.077999999994,76.26569372312217
B0006,71,1.5301570318067428,24,3.445008015985666,2.436845595522602,4.183199732433941,-1.7653027883569699,-2.015670909853089,32.518264823491045,39.40950590627068,3148.829,76.50785159033714
B0006,72,1.5246566834474087,24,3.441164687975023,2.39030487147494,4.183585552184287,-1.7593486488770236,-2.0154336980599203,32.5437072434024,39.48443326993031,3149.094,76.23283417237043
B0006,73,1.5145492986655427,24,3.443620591429828,2.4892160721496315,4.183170360974043,-1.7526167898737661,-2.014176241235146,32.562223096007365,39.4416762582387,3140.547,75.72746493327713
B0006,74,1.509391504602082,24,3.439943269617906,2.450611393803655,4.183501501534186,-1.7516949849801624,-2.0151247064734266,32.58978020040808,39.53866201326228,3131.625,75.4695752301041
B0006,75,1.5039974333050705,24,3.43602719305159,2.4111946043456745,4.183243008796117,-1.7510429704034998,-2.0150071612077523,32.57089563557426,39.5867547936938,3121.907,75.19987166525353
B0006,76,1.4935201918040188,24,3.436309312279291,2.4609139768640715,4.182038001412004,-1.7388746112390865,-2.0158858292130217,32.537854347094196,39.499752884420865,3122.125,74.67600959020095
B0006,77,1.4876323024497422,24,3.430470227771154,2.378420264362521,4.182440318401142,-1.738622547139575,-2.0170367841185635,32.65645090520509,39.9686395722832,3121.672,74.3816151224871
B0006,78,1.5302876214401704,24,3.4417311090871063,2.3844697219937414,4.189962701965466,-1.7870762809520677,-2.015207980747731,33.180785234653264,40.42668250871336,3120.86,76.51438107200852
B0006,79,1.5040760088360112,24,3.4355429213552537,2.448639661640692,4.181214475643097,-1.7612682208672186,-2.013340550431054,32.71220835503141,40.02451449021777,3103.828,75.20380044180057
B0006,80,1.4887593608730894,24,3.4272336842373576,2.362869757217078,4.182157933832856,-1.7545532300777185,-2.0143052426244057,32.543943889007906,40.02167483360719,3095.094,74.43796804365446
B0006,81,1.4782779285546637,24,3.4307536518687556,2.479712742728869,4.1802491747767325,-1.7364250156958492,-2.01522796444188,32.6655410721976,40.078211781584145,3095.781,73.91389642773318
B0006,82,1.478459982215684,24,3.430880434209888,2.4609902569842412,4.182775550999248,-1.7371686757879778,-2.0164424024266667,33.160922870564626,40.565789328351094,3094.328,73.9229991107842
B0006,83,1.473214844899973,24,3.431984614031654,2.4794507375590507,4.182970513713943,-1.7358183569582517,-2.0141732645976056,33.414445545408455,40.75221353269305,3086.531,73.66074224499864
B0006,84,1.4675164935067897,24,3.426913589626702,2.421513989921717,4.182588389688278,-1.7297302660430056,-2.0145333122938633,33.3541679486525,40.71162611325717,3085.625,73.37582467533949
B0006,85,1.4516292657521335,24,3.4220422356705154,2.3927989623544175,4.180388252515709,-1.7278671098991139,-2.0150807231044525,33.13634596100404,40.58721297402195,3067.203,72.58146328760667
B0006,86,1.4519237720967177,24,3.4202687142856667,2.410475236770924,4.182476201666448,-1.7269073147637581,-2.0151017082510445,32.92241762841388,40.37035790264624,3058.157,72.59618860483589
B0006,87,1.4471484694777745,24,3.4248208106770663,2.4915333699239977,4.182567814531136,-1.7211995934038338,-2.015773418279684,33.20338483123576,40.667923693760464,3058.812,72.35742347388873
B0006,88,1.4468538105659885,24,3.4234990883192666,2.444861994529003,4.182606347806988,-1.721141114732718,-2.0165661835906454,33.533950654066935,40.990356883952465,3058.578,72.34269052829943
B0006,89,1.4416741930284678,24,3.4247420964314874,2.4840755398082255,4.183047552179642,-1.7200547727480755,-2.018144057635402,33.5767934055627,40.997744028174516,3049.328,72.08370965142339
B0006,90,1.5935866593100128,24,3.450702139255875,2.479017302613424,4.222516216835943,-1.8210481343824243,-2.0143333289759338,33.224088400657315,40.77265883698999,3177.219,79.67933296550063
B0006,91,1.5463902376915637,24,3.4480475429907522,2.4820670710190385,4.1909374470770855,-1.821445703423604,-2.016338466932382,33.37083344726966,40.522204934304625,3082.937,77.31951188457819
B0006,92,1.51470559175661,24,3.4399481891896455,2.452449045714353,4.183028520369727,-1.7899159936953069,-2.0145951136219593,33.43366634309322,40.57746834859555,3074.266,75.73527958783049
B0006,93,1.4989786083335404,24,3.434112914501242,2.4198491932573414,4.1838942747302825,-1.7769345930773324,-2.0144018884289827,33.28676739403043,40.516963879873735,3066.0,74.94893041667702
B0006,94,1.4831110745410492,24,3.4325600940363916,2.4706823501191706,4.1839835007856605,-1.7640032117743045,-2.015270624937178,33.14347737377552,40.34325381638243,3056.437,74.15555372705246
B0006,95,1.4729664825468278,24,3.4270614887575657,2.413759774558071,4.183640209073579,-1.7571701008871028,-2.015800833534411,33.11021541795579,40.39341126895154,3048.219,73.6483241273414
B0006,96,1.4627604396099307,24,3.427340316812041,2.4562499847243027,4.183387047926521,-1.7502670210777267,-2.0153848289913054,33.18991802149879,40.46341487442664,3039.218,73.13802198049653
B0006,97,1.4518364681062514,24,3.423482197888437,2.401794655879554,4.18356344388626,-1.7439614243216512,-2.017707476586292,33.26265398635676,40.5818264138806,3039.047,72.59182340531257
B0006,98,1.4468670644030392,24,3.4220957701069374,2.4087687236133313,4.18171248971767,-1.736850855663561,-2.0198780169470747,33.299978841087025,40.61670777074496,3030.375,72.34335322015197
B0006,99,1.441380399427779,24,3.421883545422636,2.4308118485818704,4.1832473219705815,-1.7360045229798653,-2.0197856871193367,33.31663547841367,40.631647661681036,3021.0,72.06901997138895
B0006,100,1.431210744960774,24,3.4195777411151886,2.398886415333129,4.183049768329545,-1.729690117077797,-2.015287001210607,33.39150630507064,40.74323383889164,3021.75,71.5605372480387
B0006,101,1.4260247179525716,24,3.4175281789596474,2.3814379490849835,4.1830924980863315,-1.7287954627467013,-2.013949066691416,33.41522427488497,40.81715493531611,3012.265,71.30123589762857
B0006,102,1.420487649966195,24,3.4197860540725715,2.459885297095542,4.181536580807847,-1.7216729981632184,-2.015065571425412,33.39690850726103,40.72877617289365,3002.641,71.02438249830975
B0006,103,1.4207006230355006,24,3.4171369298988705,2.4007285025453995,4.172034399629829,-1.7228162229694663,-2.0151971595728613,33.73731993653,41.45494452672042,3012.0,71.03503115177503
B0006,104,1.452255804330839,24,3.4305347141293625,2.472830716079143,4.188427549455566,-1.7486639022205694,-2.0180838913239434,34.08965316576344,41.39678877103747,3020.11,72.61279021654194
B0006,105,1.431557632772571,24,3.4250844180972875,2.467318928642863,4.181499335679726,-1.7345160724760178,-2.015157068463395,33.9987286593769,41.36669473718026,3002.172000000006,71.57788163862855
B0006,106,1.415015751158943,24,3.4171339862792935,2.3692462667540997,4.179546243153898,-1.7271570233190525,-2.013917344838714,33.907397114007345,41.37787352037061,2992.703,70.75078755794715
B0006,107,1.4097311506517451,24,3.417521467040602,2.4482618595124874,4.18101558225098,-1.7305179027385762,-2.026182069042455,33.70518417605219,41.140956091698214,2964.468,70.48655753258726
B0006,108,1.404917318129309,24,3.4181623236680356,2.4598632768748825,4.182667734360821,-1.7141443638380731,-2.0154806588037197,33.7458832944166,41.2168813199875,2983.375,70.24586590646545
B0006,109,1.395164296571563,24,3.420331935905118,2.497869764845928,4.179947555799937,-1.7067823273466607,-2.014398878088724,34.01657212624259,41.40391881889191,2975.297,69.75821482857815
B0006,110,1.3945343832614077,24,3.4192916311692465,2.472236707252471,4.182316086490744,-1.7063596521950202,-2.015379938834276,34.175023374593785,41.586571331198584,2974.9850000000006,69.72671916307038
B0006,111,1.3893171179312644,24,3.414352330355796,2.4278749904763077,4.18300582450457,-1.7052696591517462,-2.024938600791225,33.976109677640174,41.43504077863728,2966.25,69.46585589656323
B0006,112,1.3838379472327809,24,3.412701167144591,2.4275905200235055,4.1825046060820625,-1.7046265574439607,-2.027018156432659,33.84150372451663,41.37436880579148,2956.359,69.19189736163904
B0006,113,1.3736814238195123,24,3.410409522809144,2.37337869163978,4.179533028548021,-1.6985503106996724,-2.014779909755338,34.1008464215818,41.66477948989921,2956.344,68.68407119097562
B0006,114,1.3786059891863676,24,3.414419320260644,2.4248604132549767,4.18250512422575,-1.6982347588599789,-2.0151111715849144,34.34663683304219,41.81816829502593,2956.406,68.93029945931838
B0006,115,1.3737600299108574,24,3.4131710032395315,2.426962848243194,4.1828227593786,-1.6971165805711328,-2.0151664181090267,34.216231530637586,41.686647000781186,2947.266,68.68800149554288
B0006,116,1.3682580583942712,24,3.4107019261975147,2.417287750352038,4.182413969607667,-1.6959199401004303,-2.016248522283907,34.041617020161176,41.565382893773936,2937.984,68.41290291971356
B0006,117,1.3633024037317505,24,3.4089059214760367,2.4185087281747166,4.182451170946608,-1.6953163120957457,-2.015018401452086,33.890212870710734,41.46394809540406,2929.125,68.16512018658753
B0006,118,1.3580966140172601,24,3.4134080258317576,2.480937393224248,4.181305580928812,-1.6890383512433216,-2.014808414619914,34.116762412437,41.6123634180086,2928.454,67.904830700863
B0006,119,1.353269090999531,24,3.411221044859532,2.4078214169511205,4.1804870315884735,-1.689240311218937,-2.0149941642208877,34.490493589415046,42.0075404495327,2929.375,67.66345454997655
B0006,120,1.3841605738237488,24,3.4155210852213678,2.433234589649132,4.163570261072192,-1.7102007614808157,-2.014889154962298,34.23744800906639,41.61679232360952,2946.031,69.20802869118744
B0006,121,1.4051467790651473,24,3.4229838362549794,2.440822893388958,4.190012868765637,-1.730244918610445,-2.021897889619746,34.41428886050454,41.80245062827161,2955.438,70.25733895325736
B0006,122,1.378719022627353,24,3.414757022019347,2.396078253891397,4.182418011462176,-1.7152465923901479,-2.013990107965066,34.16445180476378,41.653004783464006,2937.625,68.93595113136764
B0006,123,1.3682657783199066,24,3.41435871627236,2.449306948268824,4.182070839014939,-1.7013404928191733,-2.0141794769710484,33.877146811272176,41.36061809844917,2929.078,68.41328891599532
B0006,124,1.3573151296618016,24,3.4091886698418046,2.384185417166802,4.182701902443236,-1.7004366132157598,-2.014245767720947,33.839566254190565,41.42815616511055,2918.375,67.86575648309008
B0006,125,1.3524934638801596,24,3.411930366643558,2.4440756213040964,4.182270325485355,-1.6873533635265776,-2.013969299900083,33.818304796930946,41.343265645039,2919.812,67.62467319400798
B0006,126,1.3474099151661236,24,3.4094417183837504,2.4296014294774673,4.182394535290608,-1.6919294969110734,-2.014779898380345,33.812621135472135,41.38118673567723,2900.422,67.37049575830618
B0006,127,1.3370075130842318,24,3.4081896097479882,2.41022288115442,4.182061947471753,-1.6852952939579415,-2.014211676143238,33.79894614410012,41.378450473707446,2901.375,66.85037565421159
B0006,128,1.3312352966718526,24,3.40737851449911,2.4098927032454966,4.182288987105723,-1.6787428835073943,-2.0146307921789908,33.702723745621576,41.306600641009794,2901.187,66.56176483359263
B0006,129,1.3259303781727643,24,3.4085862639015,2.453938411405305,4.179662143533188,-1.6712137513430336,-2.013369705800471,33.63562651984647,41.204081036719124,2891.64,66.29651890863822
B0006,130,1.321578743867529,24,3.404843616147767,2.3940396792395253,4.181392635232333,-1.6768931248947176,-2.0139825284473383,33.690724061796516,41.32955629442644,2882.906,66.07893719337645
B0006,131,1.321225074066109,24,3.4081057374178703,2.45134737470238,4.182099866234647,-1.6701186583642826,-2.0138921521532196,33.71317033815572,41.300370296451625,2883.265,66.06125370330544
B0006,132,1.3156485301862682,24,3.4091728540380735,2.475014603796582,4.182054276922838,-1.6634753413292604,-2.013710255019385,33.65376593260611,41.243646229563595,2882.969,65.78242650931341
B0006,133,1.3209025697502388,24,3.4110817622184233,2.4569179775419294,4.168816046299314,-1.6645875549232958,-2.0145340492151043,33.983578066068176,41.36464929786556,2891.656,66.04512848751195
B0006,134,1.3474328767273906,24,3.4167486246717154,2.438240626221148,4.190149239555381,-1.6918384605140158,-2.01382438347875,33.816348135475515,40.89285784811417,2901.25,67.37164383636953
B0006,135,1.3260128072353616,24,3.4169689184247174,2.4946397780995584,4.187196878135145,-1.6711981411684529,-2.0133154561700204,33.60692030225909,40.652964511118334,2891.703,66.30064036176807
B0006,136,1.3101186784831063,24,3.4105763913818787,2.4367455144223555,4.18232296515852,-1.6632769410531225,-2.0139168871011672,33.47350597721994,40.58410707337388,2883.016,65.50593392415531
B0006,137,1.30521620229393,24,3.4113335283009314,2.4858689968085326,4.1822817387062585,-1.6559085740676296,-2.0142276812428177,33.209178727620106,40.322783635307104,2873.453,65.2608101146965
B0006,138,1.3004061951355774,24,3.4081283345557187,2.3957550201907916,4.181394192711236,-1.6561009220603313,-2.0140803684449082,33.58088963686094,40.78032921971219,2874.031,65.02030975677887
B0006,139,1.300235735841116,24,3.4125732422699135,2.4504684570147006,4.182109437180301,-1.6493259508429792,-2.014831579693271,33.76400861956033,40.85731522464202,2874.234,65.0117867920558
B0006,140,1.2895066722480755,24,3.407693686560286,2.3942028718004007,4.181210531150237,-1.6481131076816375,-2.014857985605384,33.57003564415372,40.74860220857894,2864.984,64.47533361240377
B0006,141,1.279253057384795,24,3.4073499608041957,2.4303844034459368,4.180183763169455,-1.6402541382604887,-2.013906118562721,33.272050895552354,40.472276230208436,2855.093,63.96265286923975
B0006,142,1.2792078171714618,24,3.409292163767801,2.4755630989048205,4.181641969595387,-1.6339151095418003,-2.01480412850878,33.12740933210319,40.28187574900838,2855.625,63.96039085857309
B0006,143,1.274036760902923,24,3.4095492354804775,2.446712151873903,4.1818501497507565,-1.6340244573659812,-2.014522533445452,33.439116773449626,40.637565231244686,2855.594,63.701838045146154
B0006,144,1.2741273923001468,24,3.410318915287339,2.4607112018206894,4.1817089329030335,-1.632488007933941,-2.0149438038428857,33.482874768414376,40.64243349478575,2847.437,63.70636961500734
B0006,145,1.2637639426440779,24,3.409269478846637,2.4619788522973796,4.178725976011113,-1.6192610042624402,-2.0150039133931816,33.22136307064441,40.38713367022122,2847.36,63.188197132203896
B0006,146,1.2581373688955233,24,3.4094374435069095,2.4999079970509284,4.181148894438262,-1.6178242977824624,-2.015129426588159,32.98562738901426,40.15316398972329,2837.328,62.906868444776165
B0006,147,1.253259864055301,24,3.403885091976961,2.4061574188511727,4.181246648937272,-1.6181015728870058,-2.0157490612295734,32.970182781539556,40.26211669866818,2837.281,62.66299320276505
B0006,148,1.2532313315493426,24,3.4065929107527846,2.40921365026611,4.1821248744689274,-1.6180985297864203,-2.014223314502266,33.31018716138479,40.65437976632703,2838.515,62.661566577467134
B0006,149,1.2480874960313577,24,3.4095930016592684,2.4705399687343235,4.179545017207998,-1.6103535053387172,-2.0163352495806492,33.23406652671602,40.41021687551566,2828.328,62.40437480156788
B0006,150,1.2534354284944844,24,3.409409922814414,2.4996841687041944,4.164241788212258,-1.611644410040853,-2.01499403966668,33.117656712920734,40.49521984011741,2838.265,62.67177142472422
B0006,151,1.2898048773266901,24,3.4195489282896943,2.4839695531514434,4.189238693156103,-1.6420364978388977,-2.0181368086516467,33.78417036686004,41.357879741754175,2864.547,64.49024386633451
B0006,152,1.2635402021758835,24,3.4151799904187996,2.4675402264113453,4.180842923747738,-1.6194806393973795,-2.0142774492167734,33.806439563441614,41.37902988743146,2846.39,63.17701010879417
B0006,153,1.2479761706842853,24,3.4154594925159083,2.4946438160388325,4.18123823034649,-1.6048643562670923,-2.0138128429431967,33.63735785291911,41.20920760771975,2837.969,62.39880853421427
B0006,154,1.2321202877943334,24,3.4130336456755868,2.4577382116375843,4.1798277092808815,-1.5916400783224371,-2.0149177563869873,33.58195933847606,41.20630554355683,2838.156,61.60601438971667
B0006,155,1.2271137666213534,24,3.4094524356574096,2.40986495422137,4.180792839927961,-1.5901105081883435,-2.0149300788502975,33.56245583951572,41.28239317323536,2829.843,61.35568833106767
B0006,156,1.2217397581377356,24,3.4138496008165014,2.479418189447868,4.181365190126037,-1.5767754479909835,-2.0147963353542564,33.5111267532655,41.1595683576961,2829.625,61.08698790688678
B0006,157,1.211102678915174,24,3.410900672125043,2.434585389303289,4.180594670510683,-1.575262673173442,-2.015518745222527,33.53675907012135,41.230427315370186,2819.437,60.5551339457587
B0006,158,1.2056159765131735,24,3.4105744140130074,2.425682710641569,4.181424135030176,-1.5684640005188113,-2.0147884579094577,33.49803069556778,41.21487873613708,2819.579,60.28079882565868
B0006,159,1.2008936262717274,24,3.4096514247359915,2.417924401749313,4.181921994951423,-1.5671286757845893,-2.0146138657111945,33.516977262709986,41.27439823262361,2810.672,60.044681313586366
B0006,160,1.1905903985558335,24,3.4128578373442537,2.4541577949851603,4.179593598747663,-1.5537993411647462,-2.0148417510809367,33.531923269271225,41.237668013317766,2811.485,59.529519927791675
B0006,161,1.185179251041941,24,3.413450901705652,2.463616101176541,4.180557596235595,-1.5521827524962775,-2.013981544237104,33.567636169584304,41.24068073261839,2802.422,59.25896255209705
B0006,162,1.1796706818144624,24,3.414388187503409,2.470375229475307,4.181414159913002,-1.5452652929126827,-2.014023708028726,33.60493096509702,41.28133907077437,2801.625,58.983534090723126
B0006,163,1.1745952836753915,24,3.412419038813061,2.4357634426689945,4.180815073540562,-1.538651770825325,-2.016504705213686,33.54281440778599,41.28338645880181,2802.031,58.729764183769575
B0006,164,1.15381833159625,24,3.4148103057455175,2.481190011798763,4.1697037841892834,-1.5169723774339863,-2.0192733708647617,33.472459360982775,41.149193043289586,2793.39,57.6909165798125
B0006,165,1.1644009557372264,24,3.4166177332601,2.491537251958465,4.180283727512206,-1.5238501013926742,-2.014625681416588,33.58210389885497,41.26268252018065,2793.39,58.220047786861315
B0006,166,1.1587974947916069,24,3.4121341541171764,2.40904100737121,4.181170015245673,-1.523792814686802,-2.016243208356173,33.6634605108384,41.45791806300034,2792.485,57.93987473958035
B0006,167,1.1749748834769171,24,3.419700177568569,2.475767645530351,4.1575524997258,-1.5391310859398721,-2.013736316594881,33.730546074122294,41.11666214070682,2802.016,58.74874417384586
B0006,168,1.1856752327929356,24,3.4234687742187893,2.4160441724133666,4.188511527828155,-1.5426703969635054,-2.014876364498059,33.8912822372509,41.36263766174168,2820.39,59.283761639646784
B0007,1,1.89105229539079,24,3.522006703394617,2.145975766935391,4.199497433806136,-1.8691188840185695,-1.9968672421771276,32.62485875142121,40.59042914535701,3690.234,94.5526147695395
B0007,2,1.880637027686859,24,3.5319490434317116,2.1110166987852117,4.198510349854315,-1.8680422715350309,-1.9943911963511516,32.738209593287145,40.26023408628707,3672.344,94.03185138434294
B0007,3,1.8806626717011388,24,3.5344025220217845,2.0251085128182655,4.198280074112568,-1.877784734502072,-1.994681656822022,32.68511456550919,40.27558633997852,3651.641,94.03313358505694
B0007,4,1.8807709009833444,24,3.53492504932652,1.922542180649595,4.198267468745592,-1.8875256535871228,-1.9952731083659303,32.554748499572646,40.29314715799111,3631.563,94.03854504916723
B0007,5,1.8794508728285058,24,3.534536640068787,1.8711590450649882,4.198464224146956,-1.8871559747738404,-1.9935500451030046,32.46787845303298,40.268872630219796,3629.172,93.97254364142529
B0007,6,1.8807003517117404,24,3.5411626672196816,2.1756867065903434,4.197967993115647,-1.8675154082122565,-1.9941041745764116,32.48624734055599,39.67620802332074,3652.281,94.03501758558703
B0007,7,1.8799352523566075,24,3.541165612176161,2.1117887156019437,4.198023461704379,-1.8673304059806155,-1.993164510431567,32.55779966353037,39.803817662926164,3650.828,93.99676261783037
B0007,8,1.8815088124038797,24,3.5494581176357975,2.026250619894166,4.199372697237068,-1.9063154499484403,-1.9936540341331743,32.45374435641106,39.88810476942348,3572.453,94.07544062019399
B0007,9,1.8696907870385844,24,3.5502805464079743,1.9505894332906037,4.19921182024681,-1.9164259300038171,-1.99377953803378,32.373246444985035,39.95162250671474,3550.594,93.48453935192921
B0007,10,1.870052380139199,24,3.5481347674910286,1.8688247067658061,4.198957678253482,-1.9165016044519978,-1.9937831213829802,32.30534276235138,40.052021854718284,3551.25,93.50261900695995
B0007,11,1.8700442394188577,24,3.5484272148956437,1.7896213776724978,4.198832114024662,-1.926771167846017,-1.9942511729128334,32.183319483399806,40.1213838436794,3530.25,93.50221197094288
B0007,12,1.8596518987766364,24,3.5560433603714667,1.910336108594535,4.198945227315025,-1.936979366983281,-1.9938120330189373,32.378853181816005,40.174657039770814,3491.016,92.98259493883182
B0007,13,1.8590746560862206,24,3.5604849642800684,1.9086884059809102,4.1990513028067955,-1.947065774665518,-1.9942213710086447,32.2913249500013,40.016434730174936,3470.281,92.95373280431103
B0007,14,1.8590084577709232,24,3.5562872542469752,1.7868782934275431,4.198107645780677,-1.946961601670498,-1.9939995868905829,32.14782797344657,40.16569230743226,3470.0,92.95042288854616
B0007,15,1.8593622586957048,24,3.5647746218187324,2.1361343961784502,4.19925638222589,-1.946851050742258,-1.994356138623711,32.01380948237792,39.46139677634257,3450.297,92.96811293478524
B0007,16,1.8587355450601035,24,3.565438928797127,2.0133501283179167,4.199087384946408,-1.9574063719005568,-1.9935665024864544,31.881310103471357,39.5636595172155,3429.407,92.93677725300518
B0007,17,1.847817291322145,24,3.565961679108638,1.8575547668336483,4.199009971925293,-1.9680136940585706,-1.993742172224942,31.854304304240515,39.628948319501816,3409.484,92.39086456610724
B0007,18,1.8485252916137047,24,3.572496559005355,2.1657556124208934,4.1985172274243965,-1.9680499927642312,-1.9946244036549008,31.856555404576753,39.225347214914876,3390.422,92.42626458068524
B0007,19,1.848378951850034,24,3.5699492020415136,2.0270686341513207,4.198245740608724,-1.9680218912213907,-1.994455565707021,31.867182607083926,39.4126321606434,3390.281,92.4189475925017
B0007,20,1.8807805437609766,24,3.5464338449590023,1.905311669649934,4.196262462698172,-1.9066656790606797,-1.9992261048783584,32.35216872128999,39.95874037686836,3591.734,94.03902718804883
B0007,21,1.8814721597443598,24,3.5531968089006387,1.7951975189442124,4.1969587758867,-1.9267118604677658,-1.9940266531677509,32.60219299451182,40.31302300333008,3552.297,94.07360798721798
B0007,22,1.8810954313244785,24,3.5599340214678805,2.1058524852518143,4.197071720130598,-1.9260915660103672,-1.993858646326954,32.19571819720114,39.359447242364645,3531.578,94.05477156622393
B0007,23,1.8710089649779995,24,3.5595604968237993,1.846021007590992,4.19690260801443,-1.9468340181835688,-1.9927272592846585,31.805988160181123,39.454159451189874,3492.907,93.55044824889998
B0007,24,1.8701995151941375,24,3.552385161941813,1.7370300333706354,4.1966416719103465,-1.9364196896718646,-1.9934659604006035,31.737001978644926,39.641748274009444,3511.594,93.50997575970688
B0007,25,1.8706715362800985,24,3.5707670304281067,2.0506492642329937,4.1971302559922,-1.9675984733558025,-1.9930006393050421,31.51707667966367,38.86906912217273,3431.9370000000054,93.53357681400493
B0007,26,1.8596124644020169,24,3.5657224847439295,1.8254369744762284,4.19652461108806,-1.9680130544442065,-1.9947910338783705,31.442860781038384,39.11839966443177,3431.125,92.98062322010084
B0007,27,1.860033909718346,24,3.5712835067487094,2.134879000684994,4.196790308710931,-1.9675572757550353,-1.9956093835681803,31.32326275303232,38.68010761281634,3412.406,93.0016954859173
B0007,28,1.8591653109160768,24,3.5679716274891398,1.970455493406623,4.196693048697735,-1.967618505240168,-1.9936520198661494,31.28571570579735,38.863045678198645,3410.688,92.95826554580384
B0007,29,1.8481398178778288,24,3.5646314038791784,1.8132694309760007,4.197078923354,-1.9678214300979182,-1.9944764248874858,31.331850868998004,39.14531169811219,3410.718,92.40699089389143
B0007,30,1.849201702126164,24,3.568983888921194,2.0483657324095637,4.196062203382386,-1.9675056354779956,-1.9940826161567085,31.32285733932258,38.8380564174779,3392.719,92.4600851063082
B0007,31,1.8834677437950846,24,3.564620688944316,2.181560983985832,4.206531081984383,-1.9683447778186904,-1.9940812941255717,31.608436452122476,38.95965174080089,3470.672,94.17338718975424
B0007,32,1.8628211117905844,24,3.5694388142217837,2.1177799354077496,4.203187727641822,-1.9788067754387157,-2.003329552797809,31.782101501165204,39.053875772291974,3414.109,93.14105558952922
B0007,33,1.852085039652352,24,3.568742147335628,2.1637448793153697,4.202997027311235,-1.9785908218423578,-1.9938003511879974,31.515041989202878,38.699551697978606,3395.219,92.6042519826176
B0007,34,1.8469504648208708,24,3.5642424070467817,2.0456561472058055,4.2027504558714135,-1.9784335668087778,-1.9942339530946611,31.13866351339678,38.6052414906155,3386.0,92.34752324104353
B0007,35,1.836828431169018,24,3.5653038098527605,2.1356202266992863,4.202665067816707,-1.9781601679702336,-1.9932621441916,31.068710515588776,38.42604747702835,3368.187,91.8414215584509
B0007,36,1.8371619619672275,24,3.565432167703823,2.042987153745025,4.20243913428064,-1.9783765899690637,-1.9932668899112056,31.618244836823447,39.0468968949422,3368.266,91.85809809836137
B0007,37,1.8316722583718854,24,3.5622303163451425,1.9786162394118947,4.202794567899269,-1.9780771457931066,-1.9945447573637072,31.331528063668397,38.836764958613884,3358.719,91.58361291859427
B0007,38,1.8211470951317783,24,3.564481026852489,2.15845357648832,4.203135326288817,-1.9780971417908424,-1.9937887547057833,31.132569191182142,38.49981470604549,3339.5,91.05735475658892
B0007,39,1.816506091511515,24,3.561614556780574,2.092603698932653,4.202837061508687,-1.977978349880126,-1.992201283338572,30.972969676157927,38.582340147970775,3331.265,90.82530457557574
B0007,40,1.8113815601504555,24,3.5630587459190144,2.1528886431678034,4.202745735932991,-1.9784334957218421,-1.9945004268443043,31.1990648511682,38.787499833494046,3321.188,90.56907800752278
B0007,41,1.8116056333939583,24,3.5629534367704405,2.0537418826405966,4.203198796599359,-1.9782873833989176,-1.9931746766502974,31.722267598269813,39.31221126031847,3321.844,90.58028166969791
B0007,42,1.8060548955557403,24,3.563446012076242,2.0793300586339956,4.202901668731174,-1.9781961432676651,-1.9946160382197378,31.900827580605675,39.40567993360536,3311.828,90.30274477778701
B0007,43,1.8132041826994056,24,3.563998342345823,2.0759793304520757,4.196154302326916,-1.9670969462670498,-1.9952878943511754,31.5372402498617,39.32802757827611,3327.391,90.66020913497029
B0007,44,1.8062641938283535,24,3.5604902283110547,2.0674349483094465,4.2044772244864275,-1.9781214643703728,-1.9951041266249487,31.24662583059252,38.6112528181758,3312.078,90.31320969141767
B0007,45,1.7958310249900458,24,3.5567002097886946,2.037264031192436,4.20211656315423,-1.9780364457328714,-1.9939079880095492,30.939399361884792,38.569726951286874,3293.172,89.79155124950229
B0007,46,1.7858852600390451,24,3.5584127263446006,2.1632674190148338,4.202901194454151,-1.977935781469453,-1.9931708315999248,30.884857004354572,38.34572083526661,3275.328,89.29426300195226
B0007,47,1.7803268604502753,24,3.556136820956992,2.106631526845483,4.201790697233378,-1.9780170042003,-1.9937766833094566,30.920682316695828,38.482540634946716,3265.016,89.01634302251377
B0007,48,1.8150756899575577,24,3.568999942180493,2.1809272860788376,4.191916354433964,-1.9779140108313502,-1.993416647067197,33.880577817079796,41.0499421893331,3328.937,90.75378449787789
B0007,49,1.8157025154845838,24,3.571059290544873,2.1773498094527195,4.20342192245769,-1.978162017642311,-1.9946576173158321,33.038339318294426,40.361944885615415,3329.266,90.78512577422919
B0007,50,1.8002432178056673,24,3.5666921284622095,2.180136101967249,4.202807443974011,-1.9779553399945098,-1.9927642557550822,32.27329169539202,39.6676965288026,3301.579,90.01216089028337
B0007,51,1.7904476205609308,24,3.563327431073248,2.1286295199076855,4.203276539809248,-1.9779914337720734,-1.9950332824030974,31.937919783481355,39.481181404811096,3283.563,89.52238102804654
B0007,52,1.780343032300132,24,3.5590146214829015,2.155901281560187,4.202580870413733,-1.9721889844228178,-1.994232501388858,31.688686599521045,39.419051143069204,3275.125,89.0171516150066
B0007,53,1.775328769596812,24,3.5566945836342914,2.067103728219671,4.203244171517053,-1.9723254573804139,-1.9927179646840105,31.779120691032947,39.72196117128354,3265.656,88.7664384798406
B0007,54,1.7702629734732853,24,3.555013984911923,2.0619831864543094,4.202697222668131,-1.9668382736785281,-1.9937154240389596,32.133873372089305,40.041366724781085,3266.093,88.51314867366426
B0007,55,1.760081061854204,24,3.5526373754067415,2.143037413381466,4.202581421564202,-1.960929600351624,-1.9925505277409798,31.889431533099835,39.66314441864834,3257.594,88.0040530927102
B0007,56,1.749647593537689,24,3.547186025484395,1.9929057988209282,4.201275185814673,-1.9607588424014128,-1.994265959280498,31.81736328028127,39.84751541049116,3248.593,87.48237967688445
B0007,57,1.749650075059311,24,3.546814755244375,2.0335961968180234,4.202508747096239,-1.9607439129501683,-1.9932021181710204,31.72316205746117,39.743357771631004,3238.766,87.48250375296554
B0007,58,1.745028739214683,24,3.5447850172972655,2.0213017345171265,4.202333230196108,-1.9550964299704847,-1.9932663431900044,31.957150654392294,40.07246786936068,3240.14,87.25143696073415
B0007,59,1.7396457455286727,24,3.5465215420964156,2.0789964919635966,4.202490707154508,-1.955058998571939,-1.9938941800121164,32.29917704213345,40.247716114003914,3230.109,86.98228727643364
B0007,60,1.7285642277717963,24,3.540832547654255,1.9925354808829658,4.202290557382721,-1.9491545130405272,-1.9929599237339224,32.128842946565555,40.27220819224188,3229.7810000000027,86.42821138858982
B0007,61,1.723900324588418,24,3.542992511358393,2.14041602578448,4.20313824854604,-1.9485230174751031,-2.002837999763986,32.021134355757404,39.89848456781458,3212.469,86.1950162294209
B0007,62,1.7139788776485192,24,3.5360811169860216,2.006753861515003,4.202703239422359,-1.9431227050969846,-1.994963835157279,31.859048861486652,40.0571305311587,3213.219,85.69894388242597
B0007,63,1.7139701997004613,24,3.5392436935272635,2.121868132176415,4.202907102508285,-1.9430080085541772,-2.0016459444206927,32.16100333536097,40.240711749549135,3203.578,85.69850998502307
B0007,64,1.7036521173638766,24,3.5348237062932575,2.0119648758828452,4.201457080806326,-1.9425165961920092,-1.9940444299252393,32.10276048728767,40.12941739090177,3195.125,85.18260586819383
B0007,65,1.7040137474382486,24,3.5366477402090606,2.0744390946376323,4.204304103661928,-1.9370190075205085,-1.99394242124594,32.33880662180898,40.3959693732437,3195.3129999999946,85.20068737191244
B0007,66,1.6935716157343033,24,3.5352062840980913,2.188793384556236,4.20220228055958,-1.9310192096578356,-1.994068391906693,32.21373014824893,40.18751058333668,3186.297,84.67858078671516
B0007,67,1.6876577363877656,24,3.5329852237553396,2.1739523632140685,4.202001482736379,-1.9304738354803441,-1.9931157642861432,32.09949526722965,40.14605167557969,3176.438,84.38288681938828
B0007,68,1.6830744356583152,24,3.532158560934324,2.1783847786257136,4.202600613133091,-1.9305510314753316,-1.9932876007572093,32.11305439113157,40.18846095484838,3167.593,84.15372178291575
B0007,69,1.6779270142025482,24,3.5308376380023527,2.191481814157953,4.202328519159183,-1.9247195409983122,-1.9932567265208059,32.20371989479744,40.2789498830108,3167.719,83.89635071012741
B0007,70,1.6732060275966172,24,3.5296958440720005,2.1753473356526807,4.202855889678493,-1.9245739020356052,-1.9933610066273437,32.23340825772458,40.310727434969614,3159.077999999994,83.66030137983086
B0007,71,1.6674367208253988,24,3.5281819372126093,2.1832922624558813,4.202212609390717,-1.9243785304854075,-1.9942955362628867,32.212169716369466,40.31733812871393,3148.829,83.37183604126994
B0007,72,1.6622662630667526,24,3.5265730179666974,2.192864020990023,4.202335745153063,-1.9184028799161776,-1.9951017113211473,32.21746401954225,40.332563430145015,3149.094,83.11331315333763
B0007,73,1.6574243065763063,24,3.5245022548553444,2.1560972126643922,4.201997273379946,-1.9181664471622712,-1.9939693898192545,32.23410177209762,40.431258866851486,3140.547,82.87121532881531
B0007,74,1.652538684928734,24,3.5228548406546385,2.138540138129487,4.201599523927098,-1.9180994998619483,-1.9959097500887342,32.228343983674435,40.46247985933005,3131.625,82.6269342464367
B0007,75,1.6472174627573322,24,3.5222829121237855,2.1646493163558524,4.20196227209543,-1.9179522150901998,-1.9950531920364833,32.1833106060944,40.40103455658551,3121.907,82.3608731378666
B0007,76,1.6364136810898071,24,3.5189923820688493,2.1187211383693167,4.202045571197949,-1.9116539768893375,-1.993252278498655,32.17200142078129,40.4426971996319,3122.125,81.82068405449036
B0007,77,1.6362554312048496,24,3.5177844279570794,2.1377868706438155,4.204697039833386,-1.9115865510736891,-1.9934424013813434,32.03316223587618,40.26214977673693,3121.672,81.81277156024248
B0007,78,1.641119179218384,24,3.5212226057273495,2.103155697792567,4.203964293328523,-1.917648718820213,-1.993721164618022,32.506671891788216,40.645668361956844,3120.86,82.0559589609192
B0007,79,1.6315700789656966,24,3.5172227884430147,2.186737546753024,4.201985395805308,-1.9111337702474194,-1.9950801271316676,31.961039485620926,39.95209030011925,3103.828,81.57850394828483
B0007,80,1.621213282987236,24,3.5125010864221813,2.1007747911593695,4.20178017149305,-1.9108556098369367,-1.9937540476262585,31.798082670491866,40.165034583244065,3095.094,81.0606641493618
B0007,81,1.6164273214762122,24,3.5129614635074673,2.1417010068719846,4.202220537976551,-1.9049762303506044,-1.9934634318284483,31.95802833708937,40.36674175781141,3095.781,80.82136607381061
B0007,82,1.615823510161921,24,3.5125204100391962,2.0912297625621297,4.2013887453306085,-1.9051068520548522,-1.9955237523449136,32.41813169746276,40.88269125311642,3094.328,80.79117550809605
B0007,83,1.61672418029789,24,3.5151454557578807,2.1663009505205935,4.201620573144587,-1.9049079394753692,-1.9937747556066172,32.64044972789331,40.856332202254556,3086.531,80.83620901489451
B0007,84,1.6108655863730026,24,3.513443179473182,2.1843637809529235,4.201668680267049,-1.898761620917719,-1.993529946094214,32.56399373078006,40.778024611598504,3085.625,80.54327931865014
B0007,85,1.6006603374309376,24,3.5097089402574535,2.113995772639173,4.202567159315787,-1.90433828068926,-1.9937950394148773,32.28305350922276,40.5829305350897,3067.203,80.03301687154688
B0007,86,1.5959174487005663,24,3.5042771471756997,2.0287779476202195,4.201472345711643,-1.904192698545851,-1.9948137474440242,32.06065237439007,40.6345689985191,3058.157,79.79587243502831
B0007,87,1.5962179519462243,24,3.509207943122176,2.1948906641943635,4.201332830124454,-1.8982712229514884,-1.994905249607193,32.365261126964526,40.75070125010339,3058.812,79.81089759731121
B0007,88,1.5958065114633972,24,3.5095064920492853,2.1621122251410005,4.201522880341636,-1.8977934870545983,-1.9940601969636647,32.68851871366292,41.0672419235651,3058.578,79.79032557316987
B0007,89,1.5906507821480704,24,3.505203266169396,2.0092802451741245,4.201386492450036,-1.9036436467205253,-1.9937194932286224,32.747733642524246,41.40590880756584,3049.328,79.53253910740352
B0007,90,1.6888211161855506,24,3.5281182345919753,2.144268362237989,4.2333254357000865,-1.936992342648715,-1.9937139334305616,32.50500516961017,41.01558674901627,3177.219,84.44105580927753
B0007,91,1.6259938279733204,24,3.519590928396835,2.0962813773920193,4.203917718634026,-1.9233409193548265,-1.9940123642001173,32.91993878980996,41.31851435911838,3082.937,81.29969139866601
B0007,92,1.6157433862812898,24,3.5146260368096875,2.0376560852489356,4.202046403451837,-1.916884219356136,-1.9933319825535087,32.948305858317944,41.4002950560853,3074.266,80.78716931406449
B0007,93,1.6056626764846538,24,3.5115494818370454,2.050265845971926,4.201592874087554,-1.910472150518363,-1.9934516762680057,32.76906651915661,41.2508092329952,3066.0,80.28313382423269
B0007,94,1.5949746921524348,24,3.510769869032659,2.1421639870693685,4.201214370586727,-1.904277326283454,-1.9942033375334116,32.59734424608833,40.95362783962595,3056.437,79.74873460762174
B0007,95,1.5904102438871945,24,3.50804494279531,2.093098662464846,4.201660608337926,-1.904002494100001,-1.9942540792901025,32.52349894408369,40.989022190981714,3048.219,79.52051219435972
B0007,96,1.5853517062988178,24,3.507748080950393,2.109503853325003,4.201750207865124,-1.9036546380501311,-1.9999801485407718,32.578228834731775,41.02622774121347,3039.218,79.26758531494089
B0007,97,1.5799737147242376,24,3.5066673521067266,2.1295447836320704,4.201226117420626,-1.8977146678452774,-1.995744295058308,32.62728298499839,41.01371342582121,3039.047,78.99868573621188
B0007,98,1.5752185465278068,24,3.5061843921745397,2.138556110583413,4.201796973837129,-1.8973347377958825,-1.995283636272928,32.652115712561326,41.04923314430273,3030.375,78.76092732639034
B0007,99,1.569798484648868,24,3.5051004339266254,2.1437793669909317,4.201200470517945,-1.8970045774163773,-1.9943198333456515,32.64767456395258,41.05277512550887,3021.0,78.4899242324434
B0007,100,1.5702565375950357,24,3.5054479186890566,2.199196544880164,4.201289094579205,-1.8909127399289274,-1.9968908750212224,32.6993879231031,41.02092182377061,3021.75,78.51282687975178
B0007,101,1.565249873909438,24,3.500074246846,2.0252901014990434,4.201033482375415,-1.8968789299198896,-1.9939195524210047,32.724576765133094,41.34840278359994,3012.265,78.2624936954719
B0007,102,1.559633933561147,24,3.5011647157526498,2.0874226328484515,4.201482697501314,-1.8964710309338209,-1.9941986616958334,32.70434030242972,41.23753665797544,3002.641,77.98169667805736
B0007,103,1.5649820533392105,24,3.500407285435189,2.0863200514042264,4.196165946742788,-1.8967768141795405,-1.9932029763532655,32.74051962267582,41.21700308433066,3012.0,78.24910266696052
B0007,104,1.57497949984227,24,3.507816455272743,2.0588247910323827,4.205246397279064,-1.9031485600103595,-1.9969727693616797,33.38712825139849,41.89753189273277,3020.11,78.7489749921135
B0007,105,1.5652811168780458,24,3.5025243992110107,2.007722684403967,4.201509838937999,-1.9028574663381217,-2.0040394709724123,33.270627344923426,41.90270996402953,3002.172000000006,78.2640558439023
B0007,106,1.559755497470126,24,3.505155823274424,2.190682586389996,4.201909525379603,-1.8963219640753084,-2.0003771874564404,33.115074143665915,41.48233804274523,2992.703,77.9877748735063
B0007,107,1.549897685670499,24,3.4983646475135717,2.008435320437976,4.199865517000471,-1.908430732943726,-2.0052937156241972,32.90572814040102,41.641162265997195,2964.468,77.49488428352494
B0007,108,1.5438771531345021,24,3.500140843862167,2.1646360641399958,4.2008597336564515,-1.889754408573026,-1.9945472659822978,32.953112654161664,41.433877603827945,2983.375,77.1938576567251
B0007,109,1.5450187488690073,24,3.49909547013937,2.0647427536919833,4.20162098338246,-1.8959167588975119,-1.9938553434941435,33.2282109237263,41.8543569979417,2975.297,77.25093744345037
B0007,110,1.5445940154102908,24,3.5010357611640615,2.170172617792397,4.201149059944848,-1.889387844169526,-1.9945388143156637,33.361342590516294,41.78271326384125,2974.9850000000006,77.22970077051454
B0007,111,1.5343086721758876,24,3.497212315865497,2.120750718982474,4.200810741834928,-1.8889185963670394,-2.0003871362753527,33.12431679486816,41.62744766181303,2966.25,76.71543360879438
B0007,112,1.5287603942958483,24,3.496089957852059,2.13627215665258,4.200373974181371,-1.8885071150010755,-1.996471333028226,32.991553593266204,41.552128441464966,2956.359,76.43801971479242
B0007,113,1.5289260249179843,24,3.495877119417779,2.0938572364769055,4.201791474587699,-1.8888180820733198,-1.9936433250812406,33.2318318845246,41.839167194182565,2956.344,76.44630124589922
B0007,114,1.529091650133123,24,3.493116071455022,1.9959465760122976,4.20067023466464,-1.8887930414931369,-1.9952567240378403,33.5098123920945,42.23998716092915,2956.406,76.45458250665615
B0007,115,1.5239059324661248,24,3.492655946458748,2.0305769860653866,4.20021831736756,-1.888168080257056,-2.001090966399853,33.382402850667845,42.040902384977116,2947.266,76.19529662330623
B0007,116,1.5186675419100615,24,3.49208824531703,2.0758803797636745,4.200674971032527,-1.887904907597145,-1.9951199234830206,33.17829959346276,41.803429062834496,2937.984,75.93337709550308
B0007,117,1.5136482266426952,24,3.490216477408044,2.0793549048242492,4.200371214024706,-1.8877303662432205,-1.995116853206629,33.01591345323486,41.6886924602386,2929.125,75.68241133213476
B0007,118,1.5136050185229033,24,3.4905931958620466,2.0585109366080414,4.200965645223048,-1.8878077163294114,-1.9949523118907793,33.271000362987586,41.988171601182124,2928.454,75.68025092614516
B0007,119,1.5139470614867965,24,3.4911419366203664,2.0253107306977376,4.201492773602507,-1.887674933393443,-1.994323430810411,33.61966967517867,42.33252236723314,2929.375,75.69735307433983
B0007,120,1.5339599193158786,24,3.49283645226053,2.0069579017420067,4.192768207316796,-1.901022727285377,-1.9935581248677674,33.29697162630193,41.63553796804361,2946.031,76.69799596579394
B0007,121,1.5391372798653098,24,3.5025157522808223,2.19792648712031,4.204602036514753,-1.8951144121477894,-2.002748484975491,33.393130865360554,41.470498076928735,2955.438,76.95686399326549
B0007,122,1.5236247972838737,24,3.492953565598811,2.0299415196572554,4.200995491738166,-1.8941478117057606,-1.9944619397860412,33.13820710362847,41.54038193238441,2937.625,76.18123986419369
B0007,123,1.5135813035589147,24,3.4917462636517236,2.1171503915767786,4.201036137691208,-1.8875042014728922,-1.993640903324712,32.84069778843796,41.13947017697289,2929.078,75.67906517794573
B0007,124,1.5077850749847914,24,3.490432264232956,2.1309899052747716,4.200762329918291,-1.8871434043422721,-1.994011319738722,32.75739655594484,41.09041922644824,2918.375,75.38925374923957
B0007,125,1.5031960676037333,24,3.488861416967918,2.1294318317485654,4.201013677167557,-1.8807630082774924,-1.9944414808648834,32.77234087259374,41.10034021580957,2919.812,75.15980338018666
B0007,126,1.4978220596995881,24,3.4891932104785104,2.164511453629433,4.200439147859412,-1.886419275237733,-1.9927344450972762,32.720417557744895,41.03075447325996,2900.422,74.89110298497941
B0007,127,1.492848534633516,24,3.4878785713375917,2.1743012710834013,4.200264786461796,-1.8800039366336023,-1.9942563048805741,32.710022803073514,40.99688397371006,2901.375,74.6424267316758
B0007,128,1.492414389867026,24,3.486430546073901,2.1928976284966537,4.200151660684939,-1.8733366537372407,-1.9933001058929758,32.62076759783716,40.88481342461614,2901.187,74.62071949335129
B0007,129,1.487482776538081,24,3.4812572775226682,2.0298495899147295,4.200453152662228,-1.879702248133121,-1.994355063355133,32.57651826255201,41.09400879501426,2891.64,74.37413882690404
B0007,130,1.482535148640411,24,3.4823550791204023,2.0959492247836815,4.200291122451955,-1.8790751470067306,-1.9927610429233324,32.58396494906228,41.01377835587309,2882.906,74.12675743202055
B0007,131,1.4827874322228984,24,3.4835074286280525,2.177723491219515,4.199877643371451,-1.8728728303565048,-1.9944391195904978,32.623742674615976,40.90635248178393,2883.265,74.13937161114492
B0007,132,1.476971179775059,24,3.478976541530706,2.056251340337525,4.200436806124781,-1.8726786421400121,-1.994379463643991,32.58599202496769,41.06596192416311,2882.969,73.84855898875296
B0007,133,1.4819015554137276,24,3.483501191305966,2.1512510632923165,4.193077426787744,-1.872734820116884,-1.992644974954703,32.864544723781215,40.84520330629611,2891.656,74.09507777068637
B0007,134,1.4981366198874824,24,3.4899701994096612,2.1693699073642034,4.203372086437543,-1.8800362373714223,-1.9933389783603288,33.079651096902374,41.12807910254104,2901.25,74.90683099437412
B0007,135,1.4820775214392872,24,3.484801138956006,2.116759239247948,4.202065190134895,-1.8730214281226414,-1.9933817364068822,32.932141650182686,41.094988453128494,2891.703,74.10387607196436
B0007,136,1.4771155312812152,24,3.47835437960934,2.009424225590032,4.200086642861885,-1.8725486136074456,-1.9932411647857315,32.755748003791545,41.11877573165318,2883.016,73.85577656406076
B0007,137,1.4720772783056488,24,3.475694933923807,2.0034792344341588,4.199758658258613,-1.8724613181992062,-1.995591810750265,32.52965474617847,40.980034990626955,2873.453,73.60386391528245
B0007,138,1.472248013656454,24,3.481431873453954,2.172988732474185,4.199843161074874,-1.8659419458758726,-1.9935321227601952,32.848065199041,41.017509953482886,2874.031,73.6124006828227
B0007,139,1.4670106672274665,24,3.4796060336232353,2.087464676179042,4.200352076636086,-1.865786095147701,-1.9930538887372675,33.072327061961936,41.299420742573055,2874.234,73.35053336137332
B0007,140,1.4617672495335379,24,3.4782258967329596,2.110564313669325,4.200169604165679,-1.8654605849037513,-1.996737767854495,32.85096451719535,41.105738037939375,2864.984,73.08836247667689
B0007,141,1.4566952670489708,24,3.4743233868367187,2.0724687293779813,4.199911577879335,-1.865134613881632,-1.9940890874950365,32.572302329954546,40.87704013237699,2855.093,72.83476335244853
B0007,142,1.451354972758956,24,3.4737305453330443,2.1253826973270513,4.199564012073342,-1.858515986418667,-1.9932272893446619,32.450684441760906,40.730219862268235,2855.625,72.5677486379478
B0007,143,1.451615926257375,24,3.47481272321405,2.1147331324879475,4.199951033620322,-1.8588972649148483,-1.9966895581151058,32.7394359440147,41.03226257370644,2855.594,72.58079631286874
B0007,144,1.4468161332173683,24,3.476096426841386,2.1738445330859366,4.19995987158867,-1.8581969672334215,-1.9930274022141452,32.775898242252914,40.89527781087817,2847.437,72.34080666086842
B0007,145,1.4467570607768785,24,3.4686822529487804,1.9947266977360072,4.200414702164272,-1.8581200056254086,-1.9935942445664658,32.5817324044051,41.02491521192672,2847.36,72.33785303884392
B0007,146,1.4413797481446793,24,3.4661964701943586,2.0033802121225017,4.199552965128597,-1.8577209868352302,-1.9943703142615519,32.35021153014993,40.815968345794715,2837.328,72.06898740723396
B0007,147,1.4362456252208178,24,3.468183423895935,2.116470909151213,4.199706970400125,-1.8512458354075154,-1.9938361784378094,32.28754240914786,40.65138669632271,2837.281,71.8122812610409
B0007,148,1.4368154153924828,24,3.4678606629897453,2.051877342511651,4.199300346769649,-1.8514531972432,-1.9942060517882434,32.603239183227075,40.965385542419945,2838.515,71.84077076962414
B0007,149,1.4362945145860047,24,3.4662499547181245,2.003221375307111,4.200086391757318,-1.8574211435317929,-1.993515247147098,32.61208344144242,41.11319128215138,2828.328,71.81472572930024
B0007,150,1.4418575315878015,24,3.462469269360201,1.9865974995249178,4.189989265375979,-1.857823928669184,-1.99378580594933,32.26742656599958,40.78738321989129,2838.265,72.09287657939008
B0007,151,1.4672063484781797,24,3.480518309485383,2.1908121182442706,4.202670619155847,-1.8658259561850365,-1.9962132509416517,32.637733704417855,40.73001188190229,2864.547,73.36031742390898
B0007,152,1.4518640367848885,24,3.4723137993738336,2.033261415031626,4.199186500777735,-1.8647784241320742,-1.993458887321793,32.665258715232376,40.990354594470126,2846.39,72.59320183924443
B0007,153,1.4471379752748499,24,3.474362108592906,2.19135439601875,4.199638763972608,-1.8578958465335809,-1.9936626344417874,32.502652632323915,40.62521315513875,2837.969,72.35689876374249
B0007,154,1.441790586562399,24,3.4722823212388754,2.1840705012733683,4.200028390360542,-1.8511947629213035,-1.9935668796843673,32.446842086875606,40.58944296824891,2838.156,72.08952932811995
B0007,155,1.431630947911111,24,3.4701761898320465,2.1664368343684446,4.199347098159206,-1.8509042611451945,-1.9934697961407999,32.39361892904713,40.584393586876246,2829.843,71.58154739555555
B0007,156,1.4318084249673686,24,3.4635011119445216,1.987193667465448,4.199148920577739,-1.850858274670624,-1.9934414275491175,32.417221778010834,40.884444140401214,2829.625,71.59042124836843
B0007,157,1.4262562585106868,24,3.467453100453348,2.1314172797434523,4.199648027535327,-1.8504182940365097,-1.9940355259074865,32.40094040453025,40.65159637790841,2819.437,71.31281292553435
B0007,158,1.4260877528924913,24,3.4675864728547845,2.188995882590831,4.1991931757384515,-1.8436892876926974,-1.9937717858912956,32.36314241861482,40.53138082339522,2819.579,71.30438764462457
B0007,159,1.4212633510031694,24,3.462182535852444,2.0322464946417114,4.199053572226856,-1.8498733070449755,-1.9938797141417293,32.382600705235255,40.821433488540606,2810.672,71.06316755015847
B0007,160,1.4163272748795108,24,3.465962999117946,2.1695130053947387,4.199879744716988,-1.8432877207292044,-1.9940053249383378,32.4323818014572,40.643362943412974,2811.485,70.81636374397554
B0007,161,1.4165781829175994,24,3.4601727514874407,1.9917978280585305,4.1986801794397035,-1.8494580225090995,-1.9936134940183787,32.48861829940489,40.97063567014205,2802.422,70.82890914587998
B0007,162,1.4108401729425177,24,3.464226115253961,2.1534486462617073,4.199235005181635,-1.8426221358637018,-1.9932783787552537,32.524062377970175,40.74888323397497,2801.625,70.54200864712588
B0007,163,1.4109949628347804,24,3.458799193390812,2.0101572712330453,4.198950996279868,-1.8427098003104345,-1.9936687629475545,32.482615965621896,40.93461596721165,2802.031,70.54974814173902
B0007,164,1.4061714290398801,24,3.4620805499710854,2.132718741006573,4.199393701075195,-1.842239518040086,-1.9932378340066106,32.46389583182878,40.74175890345818,2793.39,70.30857145199401
B0007,165,1.4063358479692922,24,3.4578782949034514,2.0114763339798887,4.198994975977764,-1.842252843487983,-1.9929534332525367,32.55681404542561,41.00964443691023,2793.39,70.31679239846461
B0007,166,1.4004552399066514,24,3.461590937144894,2.1610456063312298,4.198421699164089,-1.8356063485512333,-1.9975549047179482,32.576296430484255,40.80558697887537,2792.485,70.02276199533257
B0007,167,1.4217865046055154,24,3.462906230864041,2.0143553387267827,4.188887274283021,-1.8561013515700384,-1.9933150584565904,32.81804879809979,40.92586026351328,2802.016,71.08932523027576
B0007,168,1.4324552720625434,24,3.4753580425264796,2.1732119934933296,4.2050716026539625,-1.8574370794605966,-2.0060375207298797,32.92941193334214,40.57390100608222,2820.39,71.62276360312717
B0018,1,1.8550045207910817,24,3.5275462263272543,2.4721608434600437,4.188195942647034,-1.9541761960216968,-2.012995081928318,31.773285281389256,38.10180309676608,3434.891,92.75022603955408
B0018,2,1.8431955317089987,24,3.534835576186522,2.4114381994148304,4.186703558364525,-1.9474374301153292,-2.012643873951446,31.924891594728642,38.14987995994155,3425.485,92.15977658544993
B0018,3,1.8396018424355423,24,3.538246596159443,2.394395968141027,4.188811210133346,-1.9520511323479741,-2.0118244627327857,31.31691283374216,37.5266914843442,3410.375,91.98009212177712
B0018,4,1.8306736044962053,24,3.537697945111872,2.3999481734774424,4.188875360300162,-1.9460914562122762,-2.0135271229076634,30.821190751176527,37.06279237079503,3404.719,91.53368022481027
B0018,5,1.8327002069419656,24,3.542667604586918,2.3851461229395867,4.189908817357781,-1.9412796601390512,-2.014479287336525,31.95346971511436,38.2110354381278,3417.641,91.63501034709827
B0018,6,1.8285288846046388,24,3.5451037330477333,2.3716770708389117,4.190509582057232,-1.9400338819083036,-2.01246830059768,32.02311236185272,38.17496505957075,3411.766,91.42644423023194
B0018,7,1.8212011895697924,24,3.5475142438631493,2.4964491577040793,4.1903241054041,-1.9335667184847714,-2.0129654127777004,31.634533158077694,37.64038685475582,3399.516,91.06005947848962
B0018,8,1.8151700106433282,24,3.544812433691423,2.4374506721131883,4.190302498850287,-1.9332161326561408,-2.0253396376938984,31.288194921595714,37.37602884738843,3388.75,90.75850053216641
B0018,9,1.8042980520967649,24,3.5434780274164095,2.4152206992194847,4.188517549229078,-1.9325959489970461,-2.0164107237206794,31.11122470608501,37.28928029078695,3380.406,90.21490260483824
B0018,10,1.8231002302844226,24,3.543133206790044,2.377432309524995,4.191794143442699,-1.9387520938161948,-2.0137948590788683,31.13166983979621,37.52377766578506,3404.141,91.15501151422113
B0018,11,1.8121253520255494,24,3.545155146280937,2.3887487262583647,4.190699409462101,-1.9319248326301843,-2.0130992718348324,31.51305775907457,37.72420412562674,3396.141,90.60626760127747
B0018,12,1.8046916382117766,24,3.545032366549762,2.432289857016922,4.1902633112754275,-1.9249594896453863,-2.012646457499825,31.31102568785445,37.41366095304306,3384.094,90.23458191058883
B0018,13,1.790844349786295,24,3.5440892170496827,2.497495633221204,4.18970538556629,-1.9179528942264992,-2.011939908405691,30.893964711700164,36.94724908852665,3370.656,89.54221748931475
B0018,14,1.783470722841926,24,3.541317108618481,2.478768686108376,4.188354430914051,-1.917373033348097,-2.013704827395307,30.540598970902945,36.707091312059944,3357.797,89.1735361420963
B0018,15,1.7809386125310702,24,3.541197979542517,2.3858494078680206,4.193543208571066,-1.9180652422275581,-2.0130040542547274,30.82566018736547,37.13061214416645,3363.015,89.04693062655352
B0018,16,1.771209039672698,24,3.541255460524434,2.372854084449551,4.190238041929225,-1.9106033469326071,-2.0147841532663255,31.451400678644536,37.686600065941576,3357.734,88.5604519836349
B0018,17,1.7686303996707076,24,3.5427478949705886,2.4086912736769084,4.19075698083662,-1.909404549449075,-2.0129355983090056,31.518847747922937,37.633580732302406,3344.187,88.43151998353538
B0018,18,1.7536304801917124,24,3.541251093602656,2.496331992137246,4.189715378549557,-1.8960567702455413,-2.0117266911103093,31.11237289077096,37.15252578645951,3339.969,87.68152400958562
B0018,19,1.7462197416415093,24,3.5350260562177453,2.4199896352919668,4.187635645163932,-1.8948411660605735,-2.012077515518729,30.586452588663985,36.78829001793698,3327.641,87.31098708207547
B0018,20,1.7376647337053737,24,3.5326627624319777,2.3587321881999297,4.191004692440202,-1.90021436299665,-2.011349710066744,30.242913021104116,36.541146197392216,3312.844,86.88323668526868
B0018,21,1.7315166735475835,24,3.5333109441755526,2.4458096660548825,4.1906972904216495,-1.8936767267608487,-2.0122749284189503,30.10270376338569,36.372087786130464,3302.031,86.57583367737918
B0018,22,1.7085949894470602,24,3.52738705832889,2.3808537751929744,4.185877977731026,-1.8739718829459886,-2.012448687975656,30.251184852221932,36.52608510498833,3305.547,85.42974947235301
B0018,23,1.711469957068211,24,3.5296025965720452,2.436955746154759,4.188109147549676,-1.8791764961687347,-2.012334644346066,30.212407704391104,36.476252762052624,3289.562,85.57349785341056
B0018,24,1.7075021373272627,24,3.5289707694229833,2.4671365731790713,4.188302415854336,-1.8780560689384003,-2.0122688936966697,30.125011009636175,36.377208902376694,3283.797,85.37510686636314
B0018,25,1.7492382064360228,24,3.5322741848919814,2.4129371999368505,4.18962510592865,-1.8993718818269214,-2.0125131739991478,30.22428629982563,36.64000948247426,3325.235,87.46191032180114
B0018,26,1.7327697147429955,24,3.532438322521663,2.3497771039810256,4.190150750158746,-1.8926958551018211,-2.0129844574191207,30.976376254737342,37.38165499248184,3317.547,86.63848573714978
B0018,27,1.7222313328292376,24,3.5363211310943603,2.4904700018477026,4.189151018945234,-1.8783667048362822,-2.013596799411644,31.41570291330098,37.59824760372582,3311.766,86.11156664146188
B0018,28,1.711846298984729,24,3.533535274219931,2.4650908929255406,4.189631312089484,-1.870834339681941,-2.0157162812456435,31.383299841535273,37.560555155163414,3305.218,85.59231494923645
B0018,29,1.699267835126687,24,3.527012841842043,2.363133281953362,4.187690359657657,-1.8696567234639716,-2.0125462740568847,31.167937826253635,37.52114200586718,3295.453,84.96339175633435
B0018,30,1.6940366439243106,24,3.52925730014011,2.4790616361836206,4.190215357888677,-1.8623726014599724,-2.012800439982786,30.994690437264207,37.21887096740918,3287.0,84.70183219621553
B0018,31,1.6819027078768087,24,3.527821497534469,2.491905723274248,4.189776104976122,-1.8547843408980225,-2.0132684044986244,31.055317978554886,37.33441415744885,3276.922,84.09513539384044
B0018,32,1.6769770618433686,24,3.525692957415014,2.4337177596826547,4.189846430994002,-1.8538766950740675,-2.013231862286827,31.373945543706103,37.7331798444306,3268.687,83.84885309216843
B0018,33,1.6655229306478936,24,3.5243962482347273,2.4424506461535755,4.188109551881256,-1.845735037450336,-2.0132145295965795,31.56128410753226,37.84649344841882,3260.594,83.27614653239468
B0018,34,1.6571924575832084,24,3.520797576383474,2.4383419399858552,4.186368648390758,-1.8382538558498933,-2.0141222933728917,31.318474723902874,37.670164941661795,3258.812,82.85962287916043
B0018,35,1.6482241555294048,24,3.519457281260753,2.4157245398944123,4.1901657245031085,-1.8435676915974055,-2.0127023314619743,31.104012325043946,37.53185198546868,3243.422,82.41120777647023
B0018,36,1.6387701497987262,24,3.513165600287965,2.323395712524894,4.189966178473989,-1.83704467002657,-2.0131406541163614,30.989730398009076,37.593333753421376,3236.515,81.93850748993631
B0018,37,1.6276486907262062,24,3.517217159454334,2.4985039496028567,4.188259618341401,-1.8211904293154166,-2.0140330003394356,30.967851972472324,37.361410110678264,3230.734,81.38243453631031
B0018,38,1.62215370227252,24,3.5120091114107965,2.350237238739749,4.1897400575765795,-1.8270453339799269,-2.012673084048405,31.285342046153826,37.899803246715464,3222.093,81.107685113626
B0018,39,1.6140066510467586,24,3.50911052654104,2.3337740352348813,4.1862359225351335,-1.819052179250902,-2.012635202899368,31.41096207271253,38.03149707759718,3220.344,80.70033255233793
B0018,40,1.6760516154424623,24,3.516106699716392,2.317647291087635,4.189625262426538,-1.8693745969498121,-2.01318368468478,30.755137125871208,37.42220155418978,3250.75,83.80258077212311
B0018,41,1.649300642552199,24,3.519010068254593,2.492394514304757,4.186586244011676,-1.839770443871628,-2.0121931540017886,30.977446633931525,37.32511174435206,3239.344,82.46503212760994
B0018,42,1.63238299185809,24,3.5124212742229295,2.372828310153791,4.189366482043888,-1.837963396328485,-2.012774153678253,30.800512192698992,37.31088262198154,3222.25,81.6191495929045
B0018,43,1.6164159719025777,24,3.50815215295169,2.3560703177076867,4.188553804618968,-1.8296109578903785,-2.012946778665685,30.616192795676138,37.232346556887364,3206.157,80.82079859512888
B0018,44,1.6109028378249377,24,3.508648568515266,2.4644431530094417,4.188764708195774,-1.8210831511954937,-2.0135827897679706,30.399839302766903,36.94850857727268,3197.969,80.54514189124689
B0018,45,1.5954638693695657,24,3.5051993439595477,2.4195167274486726,4.188636968174337,-1.8199201144788144,-2.013020303951627,30.38386825126278,37.002663545357386,3181.625,79.77319346847828
B0018,46,1.726707440085764,24,3.523165280193865,2.3422406504312434,4.188466199744378,-1.8951156248467713,-2.023314533825632,30.576239500422748,36.71025442949399,3302.36,86.3353720042882
B0018,47,1.7165673917429753,24,3.527269876472835,2.3755467142668496,4.189570916346704,-1.8867694858233446,-2.012680983917414,30.705906284556665,36.72807623650589,3285.812,85.82836958714877
B0018,48,1.6958235570934848,24,3.526762654741574,2.4146291375325917,4.189584987657955,-1.8786631828974334,-2.0115911942512583,30.62583594950684,36.72959308355185,3260.016,84.79117785467423
B0018,49,1.6777783190792557,24,3.523020179476104,2.3844645496129964,4.189371286385834,-1.8704748023295987,-2.01260531537844,30.597357068657974,36.787462351640364,3240.031,83.88891595396278
B0018,50,1.6606586897774192,24,3.519792345798265,2.398646371281655,4.187606340824144,-1.8562833971202242,-2.0134407767806635,30.528493896066262,36.75689163314213,3232.265,83.03293448887096
B0018,51,1.6664109274827466,24,3.5251014582287223,2.4557130111721626,4.188829347125095,-1.8625354754370638,-2.0130995106645164,31.203754246103966,37.350157630970955,3232.031,83.32054637413732
B0018,52,1.6468336174407805,24,3.518519199837846,2.323665882820083,4.189202115880737,-1.8606833274060013,-2.0125662318740924,31.172639449335037,37.48126030855565,3209.5149999999994,82.34168087203902
B0018,53,1.6257639928779952,24,3.5190801794284594,2.488054079510012,4.186778882107656,-1.8383636766891702,-2.026718552407948,30.96825922704022,37.125443897626305,3196.125,81.28819964389976
B0018,54,1.6121577411874595,24,3.5114167272902406,2.3306937114568003,4.187888599491238,-1.8436958588115397,-2.013261835361458,30.821704306343133,37.19112571388883,3172.562,80.60788705937297
B0018,55,1.6057366823755344,24,3.5108038681605738,2.389399831578687,4.18915752014188,-1.8362729789790888,-2.0186878439171223,30.765219721637393,37.17642722353301,3172.735,80.28683411877672
B0018,56,1.673645314879889,24,3.51432611790755,2.4864200723178747,4.191289655270872,-1.864690278795044,-2.012371641203182,30.809988428281613,37.11936678632194,3238.109,83.68226574399445
B0018,57,1.6404348572349936,24,3.5196664048265607,2.4673631110639858,4.190628233635541,-1.8572649157581866,-2.013097827670719,31.039033590700278,37.2702464066457,3191.063,82.02174286174969
B0018,58,1.6132653317422077,24,3.512403849382274,2.375173080957567,4.189158279329032,-1.8483454421357695,-2.0125787987088013,31.04176453157222,37.39550861947664,3165.828,80.66326658711039
B0018,59,1.5920964324686278,24,3.5077862234460104,2.371626022111289,4.185868202467219,-1.839168422289249,-2.015019692764474,30.959784195511766,37.378956702246384,3140.407,79.60482162343139
B0018,60,1.5866011820698824,24,3.5076596102713244,2.463955873060647,4.186906972044146,-1.8303326102702338,-2.020734675534358,30.843513277103145,37.245718322158105,3131.922,79.33005910349412
B0018,61,1.5800766490336253,24,3.5074833565874615,2.475545296633258,4.189576283423886,-1.829290599843924,-2.012930230685489,30.797157400797865,37.21755583353321,3121.109,79.00383245168126
B0018,62,1.5641732953289167,24,3.5023865933440717,2.3791563087604626,4.189808713646982,-1.8278449003095165,-2.0135210876274656,30.984434580754094,37.56150979821064,3105.265,78.20866476644584
B0018,63,1.555618272193922,24,3.503693493885047,2.4776158338943337,4.188889298039903,-1.8188198987741453,-2.013049747683001,30.967899275139946,37.4174791317661,3091.25,77.7809136096961
B0018,64,1.5402045278637397,24,3.4989948462048113,2.4205549690097223,4.188220838257245,-1.817194042260449,-2.01215000710487,30.976616345195186,37.55101533655474,3076.703,77.01022639318698
B0018,65,1.5321613015959863,24,3.495405576723954,2.415388497112405,4.186454063976498,-1.8157980815469454,-2.0124985987201267,30.89768961926806,37.59895044072871,3062.328,76.60806507979932
B0018,66,1.5316232403693415,24,3.494528300232307,2.3974205597873093,4.1895672733133145,-1.822108117298183,-2.013303363874512,30.81568822237933,37.489239782169804,3050.563,76.58116201846707
B0018,67,1.5222595950771978,24,3.4962554827793926,2.497752653580319,4.1892977641056035,-1.8129628028687814,-2.0127782408337165,30.726188079151118,37.37911114363861,3034.672,76.11297975385989
B0018,68,1.5065267126851283,24,3.48769646191346,2.3726090777895896,4.186793087812023,-1.8044876731207795,-2.011894643612056,30.76818712651005,37.559604168615785,3031.25,75.32633563425641
B0018,69,1.5014219556532926,24,3.486547580844067,2.36844257542991,4.188594535127793,-1.809986175960184,-2.0125266173463885,30.775415173787835,37.61805450748922,3011.343,75.07109778266464
B0018,70,1.4963534117486457,24,3.482298183882304,2.331968556073514,4.186295492358637,-1.8090400456598725,-2.0121939690963395,30.761821976538275,37.71101994346608,3003.0,74.81767058743229
B0018,71,1.5334262000312422,24,3.491819481711868,2.4057755306304176,4.187384370589753,-1.8273691233501441,-2.0205100517708847,30.913721930762733,37.767989299214086,3045.187,76.6713100015621
B0018,72,1.523845267514426,24,3.493995853241935,2.4720838848798987,4.188929264481706,-1.8180385592622932,-2.0131819742858483,31.228215653165606,37.91919394450186,3028.469,76.1922633757213
B0018,73,1.5011920994261239,24,3.484377015629623,2.342731326096539,4.1852697593324315,-1.8085351614741645,-2.013496073486494,31.261679783387308,37.99328509003338,3012.937,75.05960497130619
B0018,74,1.492417671450291,24,3.4859116793558376,2.4198650452188226,4.18799771486628,-1.8068041184926535,-2.0122733205325782,31.18408593575448,37.984838024989045,2998.875,74.62088357251456
B0018,75,1.483323851940123,24,3.4842787539766786,2.438879997223475,4.187899339921793,-1.8050190987020625,-2.013027320256293,31.001432353085377,37.8288851383529,2983.547,74.16619259700616
B0018,76,1.4807376792294196,24,3.482988652120672,2.430465824271706,4.1882916128809375,-1.8118563821702207,-2.012954260463709,30.981374033120872,37.844837975501,2966.86,74.03688396147098
B0018,77,1.4735077809902477,24,3.483799876979844,2.4907267597860656,4.187409532380725,-1.8021525551783737,-2.012741175686338,31.088687926688607,37.8984610468502,2954.797,73.67538904951239
B0018,78,1.46801928526661,24,3.4787540756450497,2.3678328028644775,4.188656943531829,-1.8092953592546854,-2.013377348559974,31.336420133762665,38.27784043980244,2945.735,73.40096426333051
B0018,79,1.4580923557119019,24,3.4752194351784507,2.3532703553328904,4.188198669984733,-1.8000309691416814,-2.013211476410487,31.22599987103565,38.24434303919528,2941.375,72.9046177855951
B0018,80,1.4478660988891399,24,3.470739535801023,2.362897904778893,4.184528192003684,-1.7981302589297092,-2.0142936610392694,31.037323488688802,38.06956259266949,2923.953,72.39330494445699
B0018,81,1.4527808777541982,24,3.474600910003521,2.420200016704328,4.1927676322495895,-1.8058248446047425,-2.013245286480298,30.811349225731828,37.81744565252647,2921.031,72.6390438877099
B0018,82,1.4425356364492432,24,3.4740521567700093,2.472605886588914,4.187873640279204,-1.795955865281378,-2.0138967840468363,30.932223179746046,37.902567770354786,2902.75,72.12678182246216
B0018,83,1.4392712877203313,24,3.475075728648004,2.483165462226557,4.1880559282136725,-1.7951057003644757,-2.0132739002306224,31.215527070380897,38.16628336469349,2897.875,71.96356438601657
B0018,84,1.4286475681888218,24,3.472424307596416,2.4341986830086237,4.188063095530185,-1.7940097981352856,-2.0131642650090824,31.400797084337558,38.36789486715962,2892.094,71.43237840944109
B0018,85,1.4249026750004896,24,3.471751102262539,2.497859027600416,4.185913481526783,-1.7841592631620102,-2.012453716602352,31.259213269721236,38.19823604401131,2886.921,71.24513375002448
B0018,86,1.4698115324524124,24,3.4745407296058963,2.3747408457948316,4.187259539606346,-1.8136320536623207,-2.013506755621097,31.134701292957466,38.099982807571635,2942.531,73.49057662262062
B0018,87,1.4525819651050202,24,3.471720060423485,2.3589340839760866,4.187670932765983,-1.8109604460875317,-2.014872086495032,31.246879695988095,38.214523782841354,2912.469,72.62909825525101
B0018,88,1.442834198908794,24,3.471398409828823,2.4413266342198545,4.187836103953847,-1.800802328247715,-2.0126300040805116,31.027558674438325,37.939696536164234,2895.594,72.1417099454397
B0018,89,1.428376058807949,24,3.4626491088970703,2.311419659807122,4.18719517574786,-1.798647877727257,-2.012054810012164,30.931917385258963,38.06666733482501,2884.406,71.41880294039746
B0018,90,1.4154547844370715,24,3.466072725920186,2.4953159238201255,4.183339938829854,-1.7804067367547436,-2.011816454093025,30.667082236656018,37.63260475617888,2873.766,70.77273922185357
B0018,91,1.454576670077708,24,3.4730670533412877,2.4398479869382084,4.192209704853633,-1.8167125180994765,-2.0147251295387147,31.226789107710772,38.18223603956323,2893.375,72.7288335038854
B0018,92,1.4283179548274056,24,3.4668548162926327,2.376538319699514,4.1866224559264715,-1.7981268087177564,-2.01362953818943,31.387733116648285,38.3907466519188,2884.9839999999967,71.41589774137029
B0018,93,1.4197026883204058,24,3.46527367520258,2.3722299202290382,4.186945959000922,-1.7964439222994821,-2.0143431411678145,31.505666838292886,38.51622654624205,2870.234,70.98513441602029
B0018,94,1.4155606630306516,24,3.4638878223448684,2.361475505115684,4.1874400308161395,-1.795371462470329,-2.013805013275104,31.5462258449116,38.56612180540248,2864.11,70.77803315153258
B0018,95,1.405680035419228,24,3.457807923440064,2.317937855025735,4.1845980039811215,-1.7937175263130196,-2.0140103653857673,31.389977882297476,38.5606541602861,2846.64,70.2840017709614
B0018,96,1.4084461071166137,24,3.459813554486507,2.3372859753156225,4.186742025132256,-1.8014517734888207,-2.01313706710909,31.385433749863733,38.53842073636507,2839.532,70.42230535583069
B0018,97,1.3968547782872414,24,3.458027727779737,2.3528810264952194,4.1871520936423146,-1.7915215753378781,-2.0146560328783325,31.423707199142058,38.548873480234754,2832.703,69.84273891436207
B0018,98,1.3935670371440676,24,3.4613996718507845,2.4646122144537173,4.187096292904282,-1.7816941240706174,-2.013905602750019,31.435368910968148,38.45838357496903,2827.077999999994,69.67835185720338
B0018,99,1.3893644292809475,24,3.4611285476693214,2.4684655225527004,4.187367312766795,-1.7797379985412234,-2.0129862192992305,31.542375291159843,38.54382874673793,2821.531,69.46822146404737
B0018,100,1.3785651415666713,24,3.455556822823358,2.4092923539400735,4.18534593452204,-1.7856528650965158,-2.0130373888261315,31.52669677306915,38.650883957434026,2805.156,68.92825707833356
B0018,101,1.384901110085747,24,3.459598362944341,2.477625480372779,4.186646524222555,-1.7784070647657095,-2.012440412153309,31.435921914290372,38.45654834997334,2814.906,69.24505550428735
B0018,102,1.3703251814242443,24,3.4506569891269216,2.335608852853518,4.184730834033599,-1.7778412667349817,-2.014185743260078,31.475238112886494,38.6564130442344,2801.156,68.51625907121222
B0018,103,1.3733464385229082,24,3.455515243082573,2.441999086782534,4.187175976285891,-1.7764462760420034,-2.014463667770562,31.5817445550721,38.655587491253975,2794.187,68.6673219261454
B0018,104,1.3679487285504814,24,3.455840338587253,2.4651687831472158,4.186108406696249,-1.7752748972563315,-2.0133489214151132,31.647958536134297,38.6997087046862,2785.391,68.39743642752407
B0018,105,1.3567141087089647,24,3.448678293668265,2.370892032033162,4.183460397462309,-1.7742013268724648,-2.013428528654807,31.662032275252905,38.87481687744787,2779.5,67.83570543544823
B0018,106,1.4604310209194575,24,3.474503178644755,2.461879783248223,4.187091541628412,-1.8196650877007408,-2.01277944734302,30.434500875864142,37.363974526077364,2899.234,73.02155104597287
B0018,107,1.4500998937104097,24,3.474031881945217,2.4247066368907255,4.18736921126964,-1.8096836854216038,-2.0200047420918392,31.017997058077018,37.88258787662229,2894.922,72.50499468552049
B0018,108,1.4381406901824496,24,3.474404210386772,2.4447222974031386,4.187597633155394,-1.7993287687468955,-2.0133646895300226,31.39483761465523,38.158980736604235,2888.25,71.90703450912248
B0018,109,1.4283681980964316,24,3.471767043833224,2.443569395327192,4.187608979498198,-1.7959419603883284,-2.0145941601021073,31.24511885640641,38.05243159675446,2873.906,71.41840990482157
B0018,110,1.4147874517552432,24,3.4685305272975935,2.4666000274194886,4.186194120124063,-1.7956017209600372,-2.0124706482591095,31.05306925187263,37.89096376444466,2847.406,70.73937258776216
B0018,111,1.413889163393182,24,3.4651213646662598,2.4272514813701016,4.186991375693876,-1.7929541659933774,-2.0131822133527364,30.88589263299331,37.81203585126145,2849.281,70.6944581696591
B0018,112,1.3989331662177225,24,3.4652879859475885,2.4762628371779,4.185443351643291,-1.784474211719448,-2.0130225462243683,31.053992379018933,37.9591954678784,2833.688,69.94665831088612
B0018,113,1.3953322584033976,24,3.461799526154992,2.3607989727330003,4.186308413669027,-1.793581043096934,-2.0189079388265974,31.492840068071885,38.521043498835155,2826.453,69.76661292016988
B0018,114,1.390046129540245,24,3.463260140320492,2.377011586588198,4.187179397572641,-1.7920645354970144,-2.012765928007659,31.93832684630049,38.878687997701746,2818.312,69.50230647701225
B0018,115,1.3860271454209647,24,3.462839429201602,2.4567563196678455,4.1854460754417,-1.7809541104468565,-2.0130424938927276,31.74562722135923,38.65118899876309,2812.7189999999973,69.30135727104823
B0018,116,1.388215260193751,24,3.4569152237960306,2.3277314025979847,4.193052368415502,-1.7989851707207014,-2.012206599766764,31.31018499405759,38.434235278537344,2803.5,69.41076300968754
B0018,117,1.3761826562394497,24,3.4574690175816127,2.4537913827403948,4.186241953638429,-1.7873231599598716,-2.012141821898546,31.127360345471814,38.103875724329995,2783.25,68.80913281197249
B0018,118,1.3647168898640165,24,3.4502191781217797,2.3475608877759067,4.186011006323472,-1.7861666392556754,-2.01231372073967,30.985550813719595,38.12742842632319,2776.391,68.23584449320083
B0018,119,1.3589854739373584,24,3.4486728051793962,2.3558347560196564,4.18675624032869,-1.7849995504167615,-2.0131811880616888,30.899653280757406,38.03962943213698,2766.516,67.94927369686792
B0018,120,1.3462308764008801,24,3.444632719716698,2.3791102362944754,4.1831553230638425,-1.778331020505836,-2.0132734649228214,30.706123644966482,37.85657903247749,2751.516,67.31154382004401
B0018,121,1.4268427818454643,24,3.467272639213176,2.444740635238248,4.191989955143364,-1.809775952165901,-2.013950042532596,30.47122187456595,37.43017193410286,2848.859,71.34213909227321
B0018,122,1.4064481483279663,24,3.464490491162134,2.431867772331712,4.185628679672912,-1.7896694300229208,-2.012375320433943,30.939221783021114,37.8264149292754,2840.016,70.32240741639832
B0018,123,1.3934907492075153,24,3.459667012281024,2.344037291947413,4.186834478731371,-1.7970097248124899,-2.0124205467796688,31.111640631561894,38.08307173716899,2817.375,69.67453746037576
B0018,124,1.3882493512249316,24,3.462241956955771,2.456436863057259,4.186613091061155,-1.7861513769566684,-2.0131578787415245,31.037910219908994,37.88279649093536,2809.234,69.41246756124659
B0018,125,1.3701878338420928,24,3.4555661695067355,2.395547668334432,4.183907160253637,-1.784162084841115,-2.0123169807019234,30.967950840538833,37.96027066990377,2791.187,68.50939169210464
B0018,126,1.3796951665608619,24,3.458696199585801,2.4536749172979215,4.18533882899107,-1.7845257009241222,-2.0152254170182307,30.93996203578424,37.880513353762176,2794.016,68.9847583280431
B0018,127,1.3686586323935683,24,3.4525282614097663,2.3062728144586413,4.185280284017658,-1.7920667435100546,-2.01421415925087,31.295019295352862,38.43416278222213,2774.719,68.43293161967841
B0018,128,1.3627371779096438,24,3.4552290080443044,2.3471092023857154,4.186281579801858,-1.782779873271704,-2.0128415184323125,31.81846533166901,38.847489737859576,2777.844,68.13685889548219
B0018,129,1.3634051133928073,24,3.4619744219744675,2.4884289104730986,4.185356132672309,-1.7725212915953121,-2.014392678620289,32.00067162597675,38.80283421497622,2781.125,68.17025566964037
B0018,130,1.3518646035305233,24,3.452221905520614,2.3992178234155577,4.181406543107895,-1.769870119236631,-2.012835608795986,31.73992229230571,38.72699121838442,2760.906,67.59323017652616
B0018,131,1.3547969729652622,24,3.447650049442191,2.2786338886500292,4.185252405343103,-1.7884847819526568,-2.011864019911752,31.52613649688221,38.67191958148309,2753.25,67.7398486482631
B0018,132,1.341051440640485,24,3.447928507599004,2.3655846763383734,4.185763363191996,-1.77774044867741,-2.0128686821286053,31.27624493654335,38.371813640118894,2742.843,67.05257203202424